Entity,Code,Year,undernourishment_prevalence,New Food Balances - Grand Total - 2901 - Food supply (kcal/capita/day) - 664 - kcal/capita/day,Continent
Abkhazia,OWID_ABK,2015,,,Asia
Afghanistan,AFG,2001,47.8,,
Afghanistan,AFG,2002,45.7,,
Afghanistan,AFG,2003,40.7,,
Afghanistan,AFG,2004,38.1,,
Afghanistan,AFG,2005,36.2,,
Afghanistan,AFG,2006,33.5,,
Afghanistan,AFG,2007,30,,
Afghanistan,AFG,2008,26.4,,
Afghanistan,AFG,2009,24.9,,
Afghanistan,AFG,2010,24.1,,
Afghanistan,AFG,2011,25,,
Afghanistan,AFG,2012,27.2,,
Afghanistan,AFG,2013,26.5,,
Afghanistan,AFG,2014,26.4,2019,
Afghanistan,AFG,2015,25.8,1978,Asia
Afghanistan,AFG,2016,27.5,2001,
Afghanistan,AFG,2017,28.9,2000,
Africa,,2001,23.8,,
Africa,,2002,23.4,,
Africa,,2003,23.2,,
Africa,,2004,22.4,,
Africa,,2005,21.4,,
Africa,,2006,20.6,,
Africa,,2007,20.1,,
Africa,,2008,19.7,,
Africa,,2009,19.3,,
Africa,,2010,18.8,,
Africa,,2011,18.4,,
Africa,,2012,18.1,,
Africa,,2013,17.9,,
Africa,,2014,18,,
Africa,,2015,18.2,,
Africa,,2016,18.5,,
Africa,,2017,18.6,,
Akrotiri and Dhekelia,OWID_AKD,2015,,,Asia
Albania,ALB,2001,5,,
Albania,ALB,2002,6.1,,
Albania,ALB,2003,7.5,,
Albania,ALB,2004,8.7,,
Albania,ALB,2005,8.9,,
Albania,ALB,2006,8.8,,
Albania,ALB,2007,8.3,,
Albania,ALB,2008,7.3,,
Albania,ALB,2009,6,,
Albania,ALB,2010,5,,
Albania,ALB,2011,4.1,,
Albania,ALB,2012,3.5,,
Albania,ALB,2013,3.9,,
Albania,ALB,2014,4.5,3274,
Albania,ALB,2015,4.9,3258,Europe
Albania,ALB,2016,4.5,3352,
Albania,ALB,2017,3.9,3400,
Algeria,DZA,2001,8,,
Algeria,DZA,2002,7.4,,
Algeria,DZA,2003,7,,
Algeria,DZA,2004,7,,
Algeria,DZA,2005,6.7,,
Algeria,DZA,2006,6.4,,
Algeria,DZA,2007,6,,
Algeria,DZA,2008,5.6,,
Algeria,DZA,2009,5.2,,
Algeria,DZA,2010,4.5,,
Algeria,DZA,2011,4,,
Algeria,DZA,2012,3.5,,
Algeria,DZA,2013,3.3,,
Algeria,DZA,2014,3.3,3374,
Algeria,DZA,2015,3.2,3371,Africa
Algeria,DZA,2016,3.2,3359,
Algeria,DZA,2017,3.1,3349,
American Samoa,ASM,2015,,,Oceania
Andorra,AND,2015,,,Europe
Angola,AGO,2001,67.5,,
Angola,AGO,2002,63.2,,
Angola,AGO,2003,58.7,,
Angola,AGO,2004,55.1,,
Angola,AGO,2005,52.2,,
Angola,AGO,2006,49.4,,
Angola,AGO,2007,46.2,,
Angola,AGO,2008,43,,
Angola,AGO,2009,40.3,,
Angola,AGO,2010,37.9,,
Angola,AGO,2011,37,,
Angola,AGO,2012,35.4,,
Angola,AGO,2013,29.2,,
Angola,AGO,2014,23.1,2246,
Angola,AGO,2015,19,2191,Africa
Angola,AGO,2016,19.5,2188,
Angola,AGO,2017,19.4,2270,
Anguilla,AIA,2015,,,North America
Antarctica,ATA,2015,,,Antarctica
Antigua and Barbuda,ATG,2014,,2411,
Antigua and Barbuda,ATG,2015,,2419,North America
Antigua and Barbuda,ATG,2016,,2387,
Antigua and Barbuda,ATG,2017,,2430,
Argentina,ARG,2001,3.1,,
Argentina,ARG,2002,3.9,,
Argentina,ARG,2003,4.5,,
Argentina,ARG,2004,4.1,,
Argentina,ARG,2005,3.8,,
Argentina,ARG,2006,3.4,,
Argentina,ARG,2007,3.3,,
Argentina,ARG,2008,3.4,,
Argentina,ARG,2009,3.4,,
Argentina,ARG,2010,3.4,,
Argentina,ARG,2011,3.3,,
Argentina,ARG,2012,3.2,,
Argentina,ARG,2013,2.8,,
Argentina,ARG,2014,<2.5,3237,
Argentina,ARG,2015,2.6,3276,South America
Argentina,ARG,2016,2.9,3219,
Argentina,ARG,2017,3.4,3239,
Armenia,ARM,2001,26.2,,
Armenia,ARM,2002,24.5,,
Armenia,ARM,2003,21.1,,
Armenia,ARM,2004,16,,
Armenia,ARM,2005,12.3,,
Armenia,ARM,2006,9.4,,
Armenia,ARM,2007,7,,
Armenia,ARM,2008,5.7,,
Armenia,ARM,2009,4.7,,
Armenia,ARM,2010,4.4,,
Armenia,ARM,2011,4.1,,
Armenia,ARM,2012,3.6,,
Armenia,ARM,2013,3.3,,
Armenia,ARM,2014,2.9,3077,
Armenia,ARM,2015,2.7,3080,Asia
Armenia,ARM,2016,2.8,3059,
Armenia,ARM,2017,2.7,3078,
Aruba,ABW,2015,,,North America
Asia,,2001,14.9,,
Asia,,2002,15.1,,
Asia,,2003,15.1,,
Asia,,2004,14.7,,
Asia,,2005,14.2,,
Asia,,2006,13.2,,
Asia,,2007,12.1,,
Asia,,2008,11.3,,
Asia,,2009,10.7,,
Asia,,2010,10.1,,
Asia,,2011,9.6,,
Asia,,2012,9.4,,
Asia,,2013,9.2,,
Asia,,2014,8.9,,
Asia,,2015,8.7,,
Asia,,2016,8.5,,
Asia,,2017,8.4,,
Australia,AUS,2001,<2.5,,
Australia,AUS,2002,<2.5,,
Australia,AUS,2003,<2.5,,
Australia,AUS,2004,<2.5,,
Australia,AUS,2005,<2.5,,
Australia,AUS,2006,<2.5,,
Australia,AUS,2007,<2.5,,
Australia,AUS,2008,<2.5,,
Australia,AUS,2009,<2.5,,
Australia,AUS,2010,<2.5,,
Australia,AUS,2011,<2.5,,
Australia,AUS,2012,<2.5,,
Australia,AUS,2013,<2.5,,
Australia,AUS,2014,<2.5,3316,
Australia,AUS,2015,<2.5,3292,Oceania
Australia,AUS,2016,<2.5,3316,
Australia,AUS,2017,<2.5,3311,
Austria,AUT,2001,<2.5,,
Austria,AUT,2002,<2.5,,
Austria,AUT,2003,<2.5,,
Austria,AUT,2004,<2.5,,
Austria,AUT,2005,<2.5,,
Austria,AUT,2006,<2.5,,
Austria,AUT,2007,<2.5,,
Austria,AUT,2008,<2.5,,
Austria,AUT,2009,<2.5,,
Austria,AUT,2010,<2.5,,
Austria,AUT,2011,<2.5,,
Austria,AUT,2012,<2.5,,
Austria,AUT,2013,<2.5,,
Austria,AUT,2014,<2.5,3738,
Austria,AUT,2015,<2.5,3715,Europe
Austria,AUT,2016,<2.5,3687,
Austria,AUT,2017,<2.5,3692,
Austria-Hungary,OWID_AUH,2015,,,Europe
Azerbaijan,AZE,2001,17.1,,
Azerbaijan,AZE,2002,13.5,,
Azerbaijan,AZE,2003,10.5,,
Azerbaijan,AZE,2004,7.5,,
Azerbaijan,AZE,2005,4.8,,
Azerbaijan,AZE,2006,2.9,,
Azerbaijan,AZE,2007,<2.5,,
Azerbaijan,AZE,2008,<2.5,,
Azerbaijan,AZE,2009,<2.5,,
Azerbaijan,AZE,2010,<2.5,,
Azerbaijan,AZE,2011,<2.5,,
Azerbaijan,AZE,2012,<2.5,,
Azerbaijan,AZE,2013,<2.5,,
Azerbaijan,AZE,2014,<2.5,3073,
Azerbaijan,AZE,2015,<2.5,3074,Asia
Azerbaijan,AZE,2016,<2.5,3085,
Azerbaijan,AZE,2017,<2.5,3103,
Baden,OWID_BAD,2015,,,Europe
Bahamas,BHS,2014,,2117,
Bahamas,BHS,2015,,2016,North America
Bahamas,BHS,2016,,2062,
Bahamas,BHS,2017,,2043,
Bahrain,BHR,2015,,,Asia
Bangladesh,BGD,2001,16,,
Bangladesh,BGD,2002,15.2,,
Bangladesh,BGD,2003,15,,
Bangladesh,BGD,2004,14.5,,
Bangladesh,BGD,2005,14.3,,
Bangladesh,BGD,2006,13.9,,
Bangladesh,BGD,2007,14,,
Bangladesh,BGD,2008,13.7,,
Bangladesh,BGD,2009,13.9,,
Bangladesh,BGD,2010,13.8,,
Bangladesh,BGD,2011,13.9,,
Bangladesh,BGD,2012,13.8,,
Bangladesh,BGD,2013,14.2,,
Bangladesh,BGD,2014,14.5,2536,
Bangladesh,BGD,2015,14.9,2553,Asia
Bangladesh,BGD,2016,14.1,2573,
Bangladesh,BGD,2017,13.5,2596,
Barbados,BRB,2001,6.5,,
Barbados,BRB,2002,6.3,,
Barbados,BRB,2003,6.7,,
Barbados,BRB,2004,6.2,,
Barbados,BRB,2005,6.2,,
Barbados,BRB,2006,5.3,,
Barbados,BRB,2007,5.4,,
Barbados,BRB,2008,4.9,,
Barbados,BRB,2009,4.9,,
Barbados,BRB,2010,4.8,,
Barbados,BRB,2011,4.8,,
Barbados,BRB,2012,4.5,,
Barbados,BRB,2013,4.5,,
Barbados,BRB,2014,4.4,2906,
Barbados,BRB,2015,4.5,2932,North America
Barbados,BRB,2016,4.6,2926,
Barbados,BRB,2017,4.5,2896,
Bavaria,OWID_BAV,2015,,,Europe
Belarus,BLR,2001,<2.5,,
Belarus,BLR,2002,2.8,,
Belarus,BLR,2003,3.3,,
Belarus,BLR,2004,3.3,,
Belarus,BLR,2005,<2.5,,
Belarus,BLR,2006,<2.5,,
Belarus,BLR,2007,<2.5,,
Belarus,BLR,2008,<2.5,,
Belarus,BLR,2009,<2.5,,
Belarus,BLR,2010,<2.5,,
Belarus,BLR,2011,<2.5,,
Belarus,BLR,2012,<2.5,,
Belarus,BLR,2013,<2.5,,
Belarus,BLR,2014,<2.5,3375,
Belarus,BLR,2015,<2.5,3206,Europe
Belarus,BLR,2016,<2.5,3295,
Belarus,BLR,2017,<2.5,3289,
Belgium,BEL,2001,<2.5,,
Belgium,BEL,2002,<2.5,,
Belgium,BEL,2003,<2.5,,
Belgium,BEL,2004,<2.5,,
Belgium,BEL,2005,<2.5,,
Belgium,BEL,2006,<2.5,,
Belgium,BEL,2007,<2.5,,
Belgium,BEL,2008,<2.5,,
Belgium,BEL,2009,<2.5,,
Belgium,BEL,2010,<2.5,,
Belgium,BEL,2011,<2.5,,
Belgium,BEL,2012,<2.5,,
Belgium,BEL,2013,<2.5,,
Belgium,BEL,2014,<2.5,3749,
Belgium,BEL,2015,<2.5,3845,Europe
Belgium,BEL,2016,<2.5,3759,
Belgium,BEL,2017,<2.5,3768,
Belize,BLZ,2001,5.9,,
Belize,BLZ,2002,5.6,,
Belize,BLZ,2003,5.6,,
Belize,BLZ,2004,5.6,,
Belize,BLZ,2005,5.8,,
Belize,BLZ,2006,5.9,,
Belize,BLZ,2007,6.8,,
Belize,BLZ,2008,7.2,,
Belize,BLZ,2009,7,,
Belize,BLZ,2010,6.9,,
Belize,BLZ,2011,7.3,,
Belize,BLZ,2012,7.9,,
Belize,BLZ,2013,8,,
Belize,BLZ,2014,7.8,2655,
Belize,BLZ,2015,7.7,2662,North America
Belize,BLZ,2016,7.5,2683,
Belize,BLZ,2017,7.5,2698,
Benin,BEN,2001,17.4,,
Benin,BEN,2002,15.7,,
Benin,BEN,2003,13.8,,
Benin,BEN,2004,13.3,,
Benin,BEN,2005,12.2,,
Benin,BEN,2006,11.1,,
Benin,BEN,2007,10.2,,
Benin,BEN,2008,9.2,,
Benin,BEN,2009,9.2,,
Benin,BEN,2010,8.7,,
Benin,BEN,2011,8.4,,
Benin,BEN,2012,8.1,,
Benin,BEN,2013,7.8,,
Benin,BEN,2014,7.7,2735,
Benin,BEN,2015,7.6,2720,Africa
Benin,BEN,2016,7.5,2734,
Benin,BEN,2017,7.4,2756,
Bermuda,BMU,2015,,,North America
Bhutan,BTN,2015,,,Asia
Bolivia,BOL,2001,27.9,,
Bolivia,BOL,2002,27,,
Bolivia,BOL,2003,27.9,,
Bolivia,BOL,2004,27.8,,
Bolivia,BOL,2005,26.9,,
Bolivia,BOL,2006,24.3,,
Bolivia,BOL,2007,23.8,,
Bolivia,BOL,2008,24.7,,
Bolivia,BOL,2009,24.9,,
Bolivia,BOL,2010,23.3,,
Bolivia,BOL,2011,21.2,,
Bolivia,BOL,2012,19.7,,
Bolivia,BOL,2013,19,,
Bolivia,BOL,2014,17.3,2277,
Bolivia,BOL,2015,16.2,2329,South America
Bolivia,BOL,2016,15.5,2335,
Bolivia,BOL,2017,15.6,2354,
Bonaire Sint Eustatius and Saba,BES,2015,,,North America
Bosnia and Herzegovina,BIH,2001,3.2,,
Bosnia and Herzegovina,BIH,2002,3.1,,
Bosnia and Herzegovina,BIH,2003,2.7,,
Bosnia and Herzegovina,BIH,2004,<2.5,,
Bosnia and Herzegovina,BIH,2005,<2.5,,
Bosnia and Herzegovina,BIH,2006,<2.5,,
Bosnia and Herzegovina,BIH,2007,<2.5,,
Bosnia and Herzegovina,BIH,2008,<2.5,,
Bosnia and Herzegovina,BIH,2009,<2.5,,
Bosnia and Herzegovina,BIH,2010,<2.5,,
Bosnia and Herzegovina,BIH,2011,<2.5,,
Bosnia and Herzegovina,BIH,2012,<2.5,,
Bosnia and Herzegovina,BIH,2013,<2.5,,
Bosnia and Herzegovina,BIH,2014,<2.5,3196,
Bosnia and Herzegovina,BIH,2015,<2.5,3255,Europe
Bosnia and Herzegovina,BIH,2016,<2.5,3299,
Bosnia and Herzegovina,BIH,2017,<2.5,3269,
Botswana,BWA,2001,23.2,,
Botswana,BWA,2002,23.1,,
Botswana,BWA,2003,22.9,,
Botswana,BWA,2004,22,,
Botswana,BWA,2005,22.5,,
Botswana,BWA,2006,24.3,,
Botswana,BWA,2007,26.2,,
Botswana,BWA,2008,26.8,,
Botswana,BWA,2009,27,,
Botswana,BWA,2010,26.3,,
Botswana,BWA,2011,24.4,,
Botswana,BWA,2012,23.3,,
Botswana,BWA,2013,20.7,,
Botswana,BWA,2014,19.4,2404,
Botswana,BWA,2015,18.6,2386,Africa
Botswana,BWA,2016,20.5,2370,
Botswana,BWA,2017,22.4,2340,
Bouvet Island,BVT,2015,,,Antarctica
Brazil,BRA,2001,10.1,,
Brazil,BRA,2002,8.1,,
Brazil,BRA,2003,6.3,,
Brazil,BRA,2004,4.8,,
Brazil,BRA,2005,4.1,,
Brazil,BRA,2006,3.5,,
Brazil,BRA,2007,2.8,,
Brazil,BRA,2008,<2.5,,
Brazil,BRA,2009,<2.5,,
Brazil,BRA,2010,<2.5,,
Brazil,BRA,2011,<2.5,,
Brazil,BRA,2012,<2.5,,
Brazil,BRA,2013,<2.5,,
Brazil,BRA,2014,<2.5,3301,
Brazil,BRA,2015,<2.5,3238,South America
Brazil,BRA,2016,<2.5,3236,
Brazil,BRA,2017,<2.5,3248,
British Indian Ocean Territory,IOT,2015,,,Asia
British Virgin Islands,VGB,2015,,,North America
Brunei,BRN,2001,2.6,,
Brunei,BRN,2002,<2.5,,
Brunei,BRN,2003,<2.5,,
Brunei,BRN,2004,<2.5,,
Brunei,BRN,2005,<2.5,,
Brunei,BRN,2006,<2.5,,
Brunei,BRN,2007,<2.5,,
Brunei,BRN,2008,<2.5,,
Brunei,BRN,2009,<2.5,,
Brunei,BRN,2010,<2.5,,
Brunei,BRN,2011,<2.5,,
Brunei,BRN,2012,<2.5,,
Brunei,BRN,2013,<2.5,,
Brunei,BRN,2014,<2.5,,
Brunei,BRN,2015,<2.5,,Asia
Brunei,BRN,2016,<2.5,,
Brunei,BRN,2017,<2.5,,
Bulgaria,BGR,2001,4,,
Bulgaria,BGR,2002,4.3,,
Bulgaria,BGR,2003,4.6,,
Bulgaria,BGR,2004,5,,
Bulgaria,BGR,2005,4.9,,
Bulgaria,BGR,2006,5.1,,
Bulgaria,BGR,2007,4.7,,
Bulgaria,BGR,2008,4.5,,
Bulgaria,BGR,2009,4.3,,
Bulgaria,BGR,2010,4.4,,
Bulgaria,BGR,2011,4.4,,
Bulgaria,BGR,2012,4.1,,
Bulgaria,BGR,2013,3.5,,
Bulgaria,BGR,2014,3.5,2866,
Bulgaria,BGR,2015,3.3,2753,Europe
Bulgaria,BGR,2016,3.5,2846,
Bulgaria,BGR,2017,3.1,2828,
Burkina Faso,BFA,2001,24.5,,
Burkina Faso,BFA,2002,24.2,,
Burkina Faso,BFA,2003,23.4,,
Burkina Faso,BFA,2004,23.6,,
Burkina Faso,BFA,2005,23,,
Burkina Faso,BFA,2006,22.7,,
Burkina Faso,BFA,2007,21.6,,
Burkina Faso,BFA,2008,21,,
Burkina Faso,BFA,2009,19.9,,
Burkina Faso,BFA,2010,19.3,,
Burkina Faso,BFA,2011,18.8,,
Burkina Faso,BFA,2012,18.5,,
Burkina Faso,BFA,2013,17.9,,
Burkina Faso,BFA,2014,17.6,2708,
Burkina Faso,BFA,2015,17.6,2713,Africa
Burkina Faso,BFA,2016,18.1,2726,
Burkina Faso,BFA,2017,18.7,2720,
Burundi,BDI,2015,,,Africa
Cambodia,KHM,2001,23.7,,
Cambodia,KHM,2002,21.3,,
Cambodia,KHM,2003,19.5,,
Cambodia,KHM,2004,18.6,,
Cambodia,KHM,2005,17.1,,
Cambodia,KHM,2006,15.8,,
Cambodia,KHM,2007,15,,
Cambodia,KHM,2008,14.6,,
Cambodia,KHM,2009,14.4,,
Cambodia,KHM,2010,14.2,,
Cambodia,KHM,2011,14.2,,
Cambodia,KHM,2012,13.6,,
Cambodia,KHM,2013,14,,
Cambodia,KHM,2014,14.7,2463,
Cambodia,KHM,2015,15.7,2458,Asia
Cambodia,KHM,2016,15.4,2458,
Cambodia,KHM,2017,15,2472,
Cameroon,CMR,2001,23.1,,
Cameroon,CMR,2002,20.9,,
Cameroon,CMR,2003,19.5,,
Cameroon,CMR,2004,17.8,,
Cameroon,CMR,2005,16.1,,
Cameroon,CMR,2006,14.3,,
Cameroon,CMR,2007,12.8,,
Cameroon,CMR,2008,11.4,,
Cameroon,CMR,2009,10.2,,
Cameroon,CMR,2010,9.2,,
Cameroon,CMR,2011,8.2,,
Cameroon,CMR,2012,7.1,,
Cameroon,CMR,2013,6.8,,
Cameroon,CMR,2014,6.7,2638,
Cameroon,CMR,2015,6.7,2666,Africa
Cameroon,CMR,2016,6.5,2685,
Cameroon,CMR,2017,6.4,2653,
Canada,CAN,2001,<2.5,,
Canada,CAN,2002,<2.5,,
Canada,CAN,2003,<2.5,,
Canada,CAN,2004,<2.5,,
Canada,CAN,2005,<2.5,,
Canada,CAN,2006,<2.5,,
Canada,CAN,2007,<2.5,,
Canada,CAN,2008,<2.5,,
Canada,CAN,2009,<2.5,,
Canada,CAN,2010,<2.5,,
Canada,CAN,2011,<2.5,,
Canada,CAN,2012,<2.5,,
Canada,CAN,2013,<2.5,,
Canada,CAN,2014,<2.5,3450,
Canada,CAN,2015,<2.5,3438,North America
Canada,CAN,2016,<2.5,3489,
Canada,CAN,2017,<2.5,3492,
Cape Verde,CPV,2001,14.6,,
Cape Verde,CPV,2002,14.5,,
Cape Verde,CPV,2003,13.2,,
Cape Verde,CPV,2004,11.4,,
Cape Verde,CPV,2005,11.1,,
Cape Verde,CPV,2006,11.5,,
Cape Verde,CPV,2007,12.4,,
Cape Verde,CPV,2008,13.2,,
Cape Verde,CPV,2009,15.1,,
Cape Verde,CPV,2010,15.9,,
Cape Verde,CPV,2011,16.5,,
Cape Verde,CPV,2012,16.1,,
Cape Verde,CPV,2013,16.6,,
Cape Verde,CPV,2014,17.1,2499,
Cape Verde,CPV,2015,17.6,2502,Africa
Cape Verde,CPV,2016,17.5,2514,
Cape Verde,CPV,2017,17.9,2515,
Caribbean,,2001,21.1,,
Caribbean,,2002,21.9,,
Caribbean,,2003,22.3,,
Caribbean,,2004,22.4,,
Caribbean,,2005,21.3,,
Caribbean,,2006,20.5,,
Caribbean,,2007,20.3,,
Caribbean,,2008,20.1,,
Caribbean,,2009,19.3,,
Caribbean,,2010,18.4,,
Caribbean,,2011,17.9,,
Caribbean,,2012,18,,
Caribbean,,2013,17.7,,
Caribbean,,2014,17.4,,
Caribbean,,2015,17.1,,
Caribbean,,2016,17,,
Caribbean,,2017,16.9,,
Cayman Islands,CYM,2015,,,North America
Central African Republic,CAF,2014,,1820,
Central African Republic,CAF,2015,,1758,Africa
Central African Republic,CAF,2016,,1755,
Central African Republic,CAF,2017,,1758,
Central America,,2001,7.5,,
Central America,,2002,7.4,,
Central America,,2003,7.8,,
Central America,,2004,8.1,,
Central America,,2005,8,,
Central America,,2006,7.5,,
Central America,,2007,7.5,,
Central America,,2008,7.7,,
Central America,,2009,7.9,,
Central America,,2010,7.7,,
Central America,,2011,7.6,,
Central America,,2012,7.3,,
Central America,,2013,7.2,,
Central America,,2014,7.3,,
Central America,,2015,7.9,,
Central America,,2016,8.3,,
Central America,,2017,8.4,,
Central Asia,,2001,13.3,,
Central Asia,,2002,13.8,,
Central Asia,,2003,13.3,,
Central Asia,,2004,12.2,,
Central Asia,,2005,11.1,,
Central Asia,,2006,9.7,,
Central Asia,,2007,8.9,,
Central Asia,,2008,8.4,,
Central Asia,,2009,8.1,,
Central Asia,,2010,7.6,,
Central Asia,,2011,7.1,,
Central Asia,,2012,6.6,,
Central Asia,,2013,5.4,,
Central Asia,,2014,4.1,,
Central Asia,,2015,3.1,,
Central Asia,,2016,3,,
Central Asia,,2017,3,,
Central Asia and Southern Asia,,2001,18.3,,
Central Asia and Southern Asia,,2002,19.4,,
Central Asia and Southern Asia,,2003,20.2,,
Central Asia and Southern Asia,,2004,20.3,,
Central Asia and Southern Asia,,2005,19.7,,
Central Asia and Southern Asia,,2006,18.1,,
Central Asia and Southern Asia,,2007,16.5,,
Central Asia and Southern Asia,,2008,15.7,,
Central Asia and Southern Asia,,2009,15.4,,
Central Asia and Southern Asia,,2010,15.3,,
Central Asia and Southern Asia,,2011,15.3,,
Central Asia and Southern Asia,,2012,15.4,,
Central Asia and Southern Asia,,2013,14.9,,
Central Asia and Southern Asia,,2014,14.3,,
Central Asia and Southern Asia,,2015,13.7,,
Central Asia and Southern Asia,,2016,13.4,,
Central Asia and Southern Asia,,2017,13.2,,
Chad,TCD,2001,39,,
Chad,TCD,2002,37.7,,
Chad,TCD,2003,38.1,,
Chad,TCD,2004,37.3,,
Chad,TCD,2005,37.9,,
Chad,TCD,2006,38.5,,
Chad,TCD,2007,39.3,,
Chad,TCD,2008,40.1,,
Chad,TCD,2009,40.3,,
Chad,TCD,2010,40.3,,
Chad,TCD,2011,39,,
Chad,TCD,2012,38.6,,
Chad,TCD,2013,36.9,,
Chad,TCD,2014,36.2,2112,
Chad,TCD,2015,35.4,2131,Africa
Chad,TCD,2016,36.4,2133,
Chad,TCD,2017,37.9,2090,
Channel Islands,OWID_CIS,2015,,,Europe
Chile,CHL,2001,3.5,,
Chile,CHL,2002,3.3,,
Chile,CHL,2003,3.2,,
Chile,CHL,2004,3.3,,
Chile,CHL,2005,3.1,,
Chile,CHL,2006,3.2,,
Chile,CHL,2007,3.1,,
Chile,CHL,2008,3.5,,
Chile,CHL,2009,3.7,,
Chile,CHL,2010,3.7,,
Chile,CHL,2011,3.5,,
Chile,CHL,2012,3.3,,
Chile,CHL,2013,3.2,,
Chile,CHL,2014,3.1,3008,
Chile,CHL,2015,3.1,2982,South America
Chile,CHL,2016,3.2,3000,
Chile,CHL,2017,3.3,3011,
China,CHN,2001,10.7,,
China,CHN,2002,10.3,,
China,CHN,2003,9.7,,
China,CHN,2004,8.8,,
China,CHN,2005,8,,
China,CHN,2006,7.2,,
China,CHN,2007,6.2,,
China,CHN,2008,5.1,,
China,CHN,2009,4.1,,
China,CHN,2010,3,,
China,CHN,2011,<2.5,,
China,CHN,2012,<2.5,,
China,CHN,2013,<2.5,,
China,CHN,2014,<2.5,3146,
China,CHN,2015,<2.5,3184,Asia
China,CHN,2016,<2.5,3169,
China,CHN,2017,<2.5,3194,
Christmas Island,CXR,2015,,,Asia
Cocos Islands,CCK,2015,,,Asia
Colombia,COL,2001,8.8,,
Colombia,COL,2002,9.1,,
Colombia,COL,2003,9.8,,
Colombia,COL,2004,10.7,,
Colombia,COL,2005,11.3,,
Colombia,COL,2006,11.5,,
Colombia,COL,2007,11.1,,
Colombia,COL,2008,11.4,,
Colombia,COL,2009,11.9,,
Colombia,COL,2010,12.2,,
Colombia,COL,2011,11.3,,
Colombia,COL,2012,9.6,,
Colombia,COL,2013,8.4,,
Colombia,COL,2014,7.3,2949,
Colombia,COL,2015,6.6,2989,South America
Colombia,COL,2016,5.8,3046,
Colombia,COL,2017,5.5,3094,
Comoros,COM,2015,,,Africa
Congo,COG,2001,27.1,,
Congo,COG,2002,26.5,,
Congo,COG,2003,26.6,,
Congo,COG,2004,31.8,,
Congo,COG,2005,34.1,,
Congo,COG,2006,36.7,,
Congo,COG,2007,35.5,,
Congo,COG,2008,35.6,,
Congo,COG,2009,35.5,,
Congo,COG,2010,33.7,,
Congo,COG,2011,33,,
Congo,COG,2012,31.2,,
Congo,COG,2013,29.4,,
Congo,COG,2014,25.8,2246,
Congo,COG,2015,25.3,2326,Africa
Congo,COG,2016,25.9,2304,
Congo,COG,2017,27.4,2309,
Cook Islands,COK,2015,,,Oceania
Costa Rica,CRI,2001,4.8,,
Costa Rica,CRI,2002,5.1,,
Costa Rica,CRI,2003,5.3,,
Costa Rica,CRI,2004,5.1,,
Costa Rica,CRI,2005,4.5,,
Costa Rica,CRI,2006,4,,
Costa Rica,CRI,2007,3.9,,
Costa Rica,CRI,2008,4,,
Costa Rica,CRI,2009,4.1,,
Costa Rica,CRI,2010,3.9,,
Costa Rica,CRI,2011,3.9,,
Costa Rica,CRI,2012,3.8,,
Costa Rica,CRI,2013,4.1,,
Costa Rica,CRI,2014,4.2,2902,
Costa Rica,CRI,2015,3.9,2917,North America
Costa Rica,CRI,2016,3.5,2994,
Costa Rica,CRI,2017,3.2,3015,
Cote d'Ivoire,CIV,2014,,2548,
Cote d'Ivoire,CIV,2015,,2598,Africa
Cote d'Ivoire,CIV,2016,,2652,
Cote d'Ivoire,CIV,2017,,2730,
Croatia,HRV,2001,6.9,,
Croatia,HRV,2002,4.7,,
Croatia,HRV,2003,3.7,,
Croatia,HRV,2004,3.1,,
Croatia,HRV,2005,<2.5,,
Croatia,HRV,2006,<2.5,,
Croatia,HRV,2007,<2.5,,
Croatia,HRV,2008,<2.5,,
Croatia,HRV,2009,<2.5,,
Croatia,HRV,2010,<2.5,,
Croatia,HRV,2011,<2.5,,
Croatia,HRV,2012,<2.5,,
Croatia,HRV,2013,<2.5,,
Croatia,HRV,2014,<2.5,2968,
Croatia,HRV,2015,<2.5,3033,Europe
Croatia,HRV,2016,<2.5,3120,
Croatia,HRV,2017,<2.5,3083,
Cuba,CUB,2001,<2.5,,
Cuba,CUB,2002,<2.5,,
Cuba,CUB,2003,<2.5,,
Cuba,CUB,2004,<2.5,,
Cuba,CUB,2005,<2.5,,
Cuba,CUB,2006,<2.5,,
Cuba,CUB,2007,<2.5,,
Cuba,CUB,2008,<2.5,,
Cuba,CUB,2009,<2.5,,
Cuba,CUB,2010,<2.5,,
Cuba,CUB,2011,<2.5,,
Cuba,CUB,2012,<2.5,,
Cuba,CUB,2013,<2.5,,
Cuba,CUB,2014,<2.5,3357,
Cuba,CUB,2015,<2.5,3319,North America
Cuba,CUB,2016,<2.5,3409,
Cuba,CUB,2017,<2.5,3410,
Curacao,CUW,2015,,,North America
Cyprus,CYP,2001,5.2,,
Cyprus,CYP,2002,5.8,,
Cyprus,CYP,2003,6.2,,
Cyprus,CYP,2004,7,,
Cyprus,CYP,2005,7.7,,
Cyprus,CYP,2006,7.6,,
Cyprus,CYP,2007,7,,
Cyprus,CYP,2008,6.5,,
Cyprus,CYP,2009,6.4,,
Cyprus,CYP,2010,6.3,,
Cyprus,CYP,2011,6.2,,
Cyprus,CYP,2012,6.3,,
Cyprus,CYP,2013,6.6,,
Cyprus,CYP,2014,6.9,2621,
Cyprus,CYP,2015,7.3,2601,Europe
Cyprus,CYP,2016,7.3,2599,
Cyprus,CYP,2017,7.1,2616,
Czechia,CZE,2001,<2.5,,
Czechia,CZE,2002,<2.5,,
Czechia,CZE,2003,<2.5,,
Czechia,CZE,2004,<2.5,,
Czechia,CZE,2005,<2.5,,
Czechia,CZE,2006,<2.5,,
Czechia,CZE,2007,<2.5,,
Czechia,CZE,2008,<2.5,,
Czechia,CZE,2009,<2.5,,
Czechia,CZE,2010,<2.5,,
Czechia,CZE,2011,<2.5,,
Czechia,CZE,2012,<2.5,,
Czechia,CZE,2013,<2.5,,
Czechia,CZE,2014,<2.5,3214,
Czechia,CZE,2015,<2.5,3138,Europe
Czechia,CZE,2016,<2.5,3241,
Czechia,CZE,2017,<2.5,3276,
Czechoslovakia,OWID_CZS,2015,,,Europe
Democratic Republic of Congo,COD,2015,,,Africa
Denmark,DNK,2001,<2.5,,
Denmark,DNK,2002,<2.5,,
Denmark,DNK,2003,<2.5,,
Denmark,DNK,2004,<2.5,,
Denmark,DNK,2005,<2.5,,
Denmark,DNK,2006,<2.5,,
Denmark,DNK,2007,<2.5,,
Denmark,DNK,2008,<2.5,,
Denmark,DNK,2009,<2.5,,
Denmark,DNK,2010,<2.5,,
Denmark,DNK,2011,<2.5,,
Denmark,DNK,2012,<2.5,,
Denmark,DNK,2013,<2.5,,
Denmark,DNK,2014,<2.5,3340,
Denmark,DNK,2015,<2.5,3315,Europe
Denmark,DNK,2016,<2.5,3335,
Denmark,DNK,2017,<2.5,3384,
Djibouti,DJI,2014,,2635,
Djibouti,DJI,2015,,2710,Africa
Djibouti,DJI,2016,,2665,
Djibouti,DJI,2017,,2680,
Dominica,DMA,2001,3.8,,
Dominica,DMA,2002,4.1,,
Dominica,DMA,2003,4.7,,
Dominica,DMA,2004,5,,
Dominica,DMA,2005,5.5,,
Dominica,DMA,2006,5,,
Dominica,DMA,2007,4.6,,
Dominica,DMA,2008,4.1,,
Dominica,DMA,2009,4.4,,
Dominica,DMA,2010,4.7,,
Dominica,DMA,2011,5,,
Dominica,DMA,2012,5.1,,
Dominica,DMA,2013,5.2,,
Dominica,DMA,2014,5.3,2958,
Dominica,DMA,2015,5.3,2996,North America
Dominica,DMA,2016,5.4,2965,
Dominica,DMA,2017,5.7,2944,
Dominican Republic,DOM,2001,20.6,,
Dominican Republic,DOM,2002,22.7,,
Dominican Republic,DOM,2003,23.7,,
Dominican Republic,DOM,2004,23.2,,
Dominican Republic,DOM,2005,19.3,,
Dominican Republic,DOM,2006,16.5,,
Dominican Republic,DOM,2007,16.3,,
Dominican Republic,DOM,2008,16.2,,
Dominican Republic,DOM,2009,14.8,,
Dominican Republic,DOM,2010,12.4,,
Dominican Republic,DOM,2011,10.4,,
Dominican Republic,DOM,2012,9.8,,
Dominican Republic,DOM,2013,9,,
Dominican Republic,DOM,2014,8.5,2768,
Dominican Republic,DOM,2015,7.6,2740,North America
Dominican Republic,DOM,2016,7,2835,
Dominican Republic,DOM,2017,6,2864,
East Germany,OWID_GDR,2015,,,Europe
Eastern Africa,,2001,37.9,,
Eastern Africa,,2002,37.2,,
Eastern Africa,,2003,37,,
Eastern Africa,,2004,35.3,,
Eastern Africa,,2005,33.4,,
Eastern Africa,,2006,31.8,,
Eastern Africa,,2007,31.4,,
Eastern Africa,,2008,30.6,,
Eastern Africa,,2009,29.7,,
Eastern Africa,,2010,28.6,,
Eastern Africa,,2011,27.9,,
Eastern Africa,,2012,27.4,,
Eastern Africa,,2013,27,,
Eastern Africa,,2014,26.8,,
Eastern Africa,,2015,26.7,,
Eastern Africa,,2016,26.9,,
Eastern Africa,,2017,26.9,,
Eastern Asia,,2001,9.9,,
Eastern Asia,,2002,9.6,,
Eastern Asia,,2003,9.1,,
Eastern Asia,,2004,8.3,,
Eastern Asia,,2005,7.7,,
Eastern Asia,,2006,7,,
Eastern Asia,,2007,6.2,,
Eastern Asia,,2008,5.3,,
Eastern Asia,,2009,4.5,,
Eastern Asia,,2010,3.6,,
Eastern Asia,,2011,2.7,,
Eastern Asia,,2012,<2.5,,
Eastern Asia,,2013,<2.5,,
Eastern Asia,,2014,<2.5,,
Eastern Asia,,2015,<2.5,,
Eastern Asia,,2016,<2.5,,
Eastern Asia,,2017,<2.5,,
Eastern Europe,,2001,3,,
Eastern Europe,,2002,2.6,,
Eastern Europe,,2003,<2.5,,
Eastern Europe,,2004,<2.5,,
Eastern Europe,,2005,<2.5,,
Eastern Europe,,2006,<2.5,,
Eastern Europe,,2007,<2.5,,
Eastern Europe,,2008,<2.5,,
Eastern Europe,,2009,<2.5,,
Eastern Europe,,2010,<2.5,,
Eastern Europe,,2011,<2.5,,
Eastern Europe,,2012,<2.5,,
Eastern Europe,,2013,<2.5,,
Eastern Europe,,2014,<2.5,,
Eastern Europe,,2015,<2.5,,
Eastern Europe,,2016,<2.5,,
Eastern Europe,,2017,<2.5,,
Ecuador,ECU,2001,21.2,,
Ecuador,ECU,2002,22.9,,
Ecuador,ECU,2003,22.9,,
Ecuador,ECU,2004,22.9,,
Ecuador,ECU,2005,22.5,,
Ecuador,ECU,2006,22.9,,
Ecuador,ECU,2007,22.2,,
Ecuador,ECU,2008,21.4,,
Ecuador,ECU,2009,19.3,,
Ecuador,ECU,2010,18.3,,
Ecuador,ECU,2011,17.6,,
Ecuador,ECU,2012,17.6,,
Ecuador,ECU,2013,14.9,,
Ecuador,ECU,2014,11.7,2603,
Ecuador,ECU,2015,8.8,2599,South America
Ecuador,ECU,2016,8.9,2577,
Ecuador,ECU,2017,9.1,2586,
Egypt,EGY,2001,5.3,,
Egypt,EGY,2002,5.5,,
Egypt,EGY,2003,6,,
Egypt,EGY,2004,6.4,,
Egypt,EGY,2005,6.5,,
Egypt,EGY,2006,6.1,,
Egypt,EGY,2007,5.8,,
Egypt,EGY,2008,5.7,,
Egypt,EGY,2009,5.5,,
Egypt,EGY,2010,5.4,,
Egypt,EGY,2011,5.1,,
Egypt,EGY,2012,5.2,,
Egypt,EGY,2013,5,,
Egypt,EGY,2014,4.8,3378,
Egypt,EGY,2015,4.6,3365,Africa
Egypt,EGY,2016,4.7,3342,
Egypt,EGY,2017,4.7,3321,
El Salvador,SLV,2001,7.3,,
El Salvador,SLV,2002,7.2,,
El Salvador,SLV,2003,8,,
El Salvador,SLV,2004,8.8,,
El Salvador,SLV,2005,9.3,,
El Salvador,SLV,2006,9.5,,
El Salvador,SLV,2007,9.8,,
El Salvador,SLV,2008,10,,
El Salvador,SLV,2009,10.6,,
El Salvador,SLV,2010,11,,
El Salvador,SLV,2011,11.2,,
El Salvador,SLV,2012,10.6,,
El Salvador,SLV,2013,10.6,,
El Salvador,SLV,2014,10.7,2585,
El Salvador,SLV,2015,10.7,2585,North America
El Salvador,SLV,2016,10.1,2620,
El Salvador,SLV,2017,9.5,2660,
Equatorial Guinea,GNQ,2015,,,Africa
Eritrea,ERI,2015,,,Africa
Eritrea and Ethiopia,OWID_ERE,2015,,,Africa
Estonia,EST,2001,3.6,,
Estonia,EST,2002,3.5,,
Estonia,EST,2003,3.4,,
Estonia,EST,2004,2.9,,
Estonia,EST,2005,<2.5,,
Estonia,EST,2006,<2.5,,
Estonia,EST,2007,<2.5,,
Estonia,EST,2008,<2.5,,
Estonia,EST,2009,<2.5,,
Estonia,EST,2010,<2.5,,
Estonia,EST,2011,<2.5,,
Estonia,EST,2012,<2.5,,
Estonia,EST,2013,<2.5,,
Estonia,EST,2014,<2.5,3242,
Estonia,EST,2015,<2.5,3244,Europe
Estonia,EST,2016,<2.5,3241,
Estonia,EST,2017,<2.5,3245,
Eswatini,SWZ,2001,10.7,,
Eswatini,SWZ,2002,9.9,,
Eswatini,SWZ,2003,8.5,,
Eswatini,SWZ,2004,8.5,,
Eswatini,SWZ,2005,9.4,,
Eswatini,SWZ,2006,10.3,,
Eswatini,SWZ,2007,10.9,,
Eswatini,SWZ,2008,11.1,,
Eswatini,SWZ,2009,10.7,,
Eswatini,SWZ,2010,9.9,,
Eswatini,SWZ,2011,8.9,,
Eswatini,SWZ,2012,8.1,,
Eswatini,SWZ,2013,10.9,,
Eswatini,SWZ,2014,13.8,2379,
Eswatini,SWZ,2015,17,2291,Africa
Eswatini,SWZ,2016,16.8,2388,
Eswatini,SWZ,2017,16.5,2405,
Ethiopia,ETH,2001,47.1,,
Ethiopia,ETH,2002,44.3,,
Ethiopia,ETH,2003,42.7,,
Ethiopia,ETH,2004,39.2,,
Ethiopia,ETH,2005,37.2,,
Ethiopia,ETH,2006,35.8,,
Ethiopia,ETH,2007,35.3,,
Ethiopia,ETH,2008,33.9,,
Ethiopia,ETH,2009,31.8,,
Ethiopia,ETH,2010,30.7,,
Ethiopia,ETH,2011,30.1,,
Ethiopia,ETH,2012,29.9,,
Ethiopia,ETH,2013,27.5,,
Ethiopia,ETH,2014,24.8,2234,
Ethiopia,ETH,2015,21.5,2254,Africa
Ethiopia,ETH,2016,20.6,2296,
Ethiopia,ETH,2017,19.9,2304,
Europe,,2001,<2.5,,
Europe,,2002,<2.5,,
Europe,,2003,<2.5,,
Europe,,2004,<2.5,,
Europe,,2005,<2.5,,
Europe,,2006,<2.5,,
Europe,,2007,<2.5,,
Europe,,2008,<2.5,,
Europe,,2009,<2.5,,
Europe,,2010,<2.5,,
Europe,,2011,<2.5,,
Europe,,2012,<2.5,,
Europe,,2013,<2.5,,
Europe,,2014,<2.5,,
Europe,,2015,<2.5,,
Europe,,2016,<2.5,,
Europe,,2017,<2.5,,
Faeroe Islands,FRO,2015,,,Europe
Falkland Islands,FLK,2015,,,South America
Fiji,FJI,2001,4,,
Fiji,FJI,2002,3.9,,
Fiji,FJI,2003,4,,
Fiji,FJI,2004,3.9,,
Fiji,FJI,2005,3.8,,
Fiji,FJI,2006,3.8,,
Fiji,FJI,2007,3.8,,
Fiji,FJI,2008,4,,
Fiji,FJI,2009,4,,
Fiji,FJI,2010,4,,
Fiji,FJI,2011,3.8,,
Fiji,FJI,2012,3.5,,
Fiji,FJI,2013,3.6,,
Fiji,FJI,2014,3.9,2900,
Fiji,FJI,2015,4.1,2898,Oceania
Fiji,FJI,2016,4,2916,
Fiji,FJI,2017,3.9,2937,
Finland,FIN,2001,<2.5,,
Finland,FIN,2002,<2.5,,
Finland,FIN,2003,<2.5,,
Finland,FIN,2004,<2.5,,
Finland,FIN,2005,<2.5,,
Finland,FIN,2006,<2.5,,
Finland,FIN,2007,<2.5,,
Finland,FIN,2008,<2.5,,
Finland,FIN,2009,<2.5,,
Finland,FIN,2010,<2.5,,
Finland,FIN,2011,<2.5,,
Finland,FIN,2012,<2.5,,
Finland,FIN,2013,<2.5,,
Finland,FIN,2014,<2.5,3329,
Finland,FIN,2015,<2.5,3317,Europe
Finland,FIN,2016,<2.5,3334,
Finland,FIN,2017,<2.5,3337,
France,FRA,2001,<2.5,,
France,FRA,2002,<2.5,,
France,FRA,2003,<2.5,,
France,FRA,2004,<2.5,,
France,FRA,2005,<2.5,,
France,FRA,2006,<2.5,,
France,FRA,2007,<2.5,,
France,FRA,2008,<2.5,,
France,FRA,2009,<2.5,,
France,FRA,2010,<2.5,,
France,FRA,2011,<2.5,,
France,FRA,2012,<2.5,,
France,FRA,2013,<2.5,,
France,FRA,2014,<2.5,3509,
France,FRA,2015,<2.5,3524,Europe
France,FRA,2016,<2.5,3537,
France,FRA,2017,<2.5,3558,
French Guiana,GUF,2015,,,South America
French Polynesia,PYF,2001,4.3,,
French Polynesia,PYF,2002,4.2,,
French Polynesia,PYF,2003,4,,
French Polynesia,PYF,2004,4,,
French Polynesia,PYF,2005,3.9,,
French Polynesia,PYF,2006,3.9,,
French Polynesia,PYF,2007,3.9,,
French Polynesia,PYF,2008,3.8,,
French Polynesia,PYF,2009,3.7,,
French Polynesia,PYF,2010,3.5,,
French Polynesia,PYF,2011,3.3,,
French Polynesia,PYF,2012,3.2,,
French Polynesia,PYF,2013,3.1,,
French Polynesia,PYF,2014,3.3,2996,
French Polynesia,PYF,2015,3.5,2957,Oceania
French Polynesia,PYF,2016,3.8,2931,
French Polynesia,PYF,2017,3.8,2924,
French Southern Territories,ATF,2015,,,Antarctica
Gabon,GAB,2001,10.8,,
Gabon,GAB,2002,12.3,,
Gabon,GAB,2003,13.5,,
Gabon,GAB,2004,14,,
Gabon,GAB,2005,14.5,,
Gabon,GAB,2006,14.9,,
Gabon,GAB,2007,16.1,,
Gabon,GAB,2008,16.9,,
Gabon,GAB,2009,17.5,,
Gabon,GAB,2010,17.3,,
Gabon,GAB,2011,17.3,,
Gabon,GAB,2012,17.5,,
Gabon,GAB,2013,16.2,,
Gabon,GAB,2014,14.9,2753,
Gabon,GAB,2015,14.1,2749,Africa
Gabon,GAB,2016,15.1,2688,
Gabon,GAB,2017,15.9,2643,
Gambia,GMB,2001,18,,
Gambia,GMB,2002,19.8,,
Gambia,GMB,2003,20.7,,
Gambia,GMB,2004,20.9,,
Gambia,GMB,2005,21.9,,
Gambia,GMB,2006,20.9,,
Gambia,GMB,2007,18.9,,
Gambia,GMB,2008,15.9,,
Gambia,GMB,2009,14.4,,
Gambia,GMB,2010,13.2,,
Gambia,GMB,2011,12.8,,
Gambia,GMB,2012,13.2,,
Gambia,GMB,2013,12.6,,
Gambia,GMB,2014,12.2,2581,
Gambia,GMB,2015,11.6,2540,Africa
Gambia,GMB,2016,12,2539,
Gambia,GMB,2017,12,2540,
Georgia,GEO,2001,7.8,,
Georgia,GEO,2002,6,,
Georgia,GEO,2003,4.9,,
Georgia,GEO,2004,4.1,,
Georgia,GEO,2005,4.2,,
Georgia,GEO,2006,4.1,,
Georgia,GEO,2007,4,,
Georgia,GEO,2008,3.6,,
Georgia,GEO,2009,3.7,,
Georgia,GEO,2010,4.3,,
Georgia,GEO,2011,4.6,,
Georgia,GEO,2012,4.3,,
Georgia,GEO,2013,4.6,,
Georgia,GEO,2014,5.2,2926,
Georgia,GEO,2015,5.9,2918,Asia
Georgia,GEO,2016,6.2,2944,
Georgia,GEO,2017,7.1,2872,
Germany,DEU,2001,<2.5,,
Germany,DEU,2002,<2.5,,
Germany,DEU,2003,<2.5,,
Germany,DEU,2004,<2.5,,
Germany,DEU,2005,<2.5,,
Germany,DEU,2006,<2.5,,
Germany,DEU,2007,<2.5,,
Germany,DEU,2008,<2.5,,
Germany,DEU,2009,<2.5,,
Germany,DEU,2010,<2.5,,
Germany,DEU,2011,<2.5,,
Germany,DEU,2012,<2.5,,
Germany,DEU,2013,<2.5,,
Germany,DEU,2014,<2.5,3541,
Germany,DEU,2015,<2.5,3551,Europe
Germany,DEU,2016,<2.5,3574,
Germany,DEU,2017,<2.5,3556,
Ghana,GHA,2001,15,,
Ghana,GHA,2002,13.6,,
Ghana,GHA,2003,12.8,,
Ghana,GHA,2004,12.3,,
Ghana,GHA,2005,11.4,,
Ghana,GHA,2006,10.7,,
Ghana,GHA,2007,9.5,,
Ghana,GHA,2008,8.3,,
Ghana,GHA,2009,6.8,,
Ghana,GHA,2010,6.7,,
Ghana,GHA,2011,6.8,,
Ghana,GHA,2012,7.3,,
Ghana,GHA,2013,7.2,,
Ghana,GHA,2014,7.5,2979,
Ghana,GHA,2015,7.7,2921,Africa
Ghana,GHA,2016,7.5,2925,
Ghana,GHA,2017,7,3033,
Gibraltar,GIB,2015,,,Europe
Greece,GRC,2001,<2.5,,
Greece,GRC,2002,<2.5,,
Greece,GRC,2003,<2.5,,
Greece,GRC,2004,<2.5,,
Greece,GRC,2005,<2.5,,
Greece,GRC,2006,<2.5,,
Greece,GRC,2007,<2.5,,
Greece,GRC,2008,<2.5,,
Greece,GRC,2009,<2.5,,
Greece,GRC,2010,<2.5,,
Greece,GRC,2011,<2.5,,
Greece,GRC,2012,<2.5,,
Greece,GRC,2013,<2.5,,
Greece,GRC,2014,<2.5,3431,
Greece,GRC,2015,<2.5,3383,Europe
Greece,GRC,2016,<2.5,3331,
Greece,GRC,2017,<2.5,3355,
Greenland,GRL,2015,,,North America
Grenada,GRD,2014,,2372,
Grenada,GRD,2015,,2415,North America
Grenada,GRD,2016,,2383,
Grenada,GRD,2017,,2404,
Guadeloupe,GLP,2015,,,North America
Guam,GUM,2015,,,Oceania
Guatemala,GTM,2001,22.4,,
Guatemala,GTM,2002,20,,
Guatemala,GTM,2003,19,,
Guatemala,GTM,2004,19.3,,
Guatemala,GTM,2005,19,,
Guatemala,GTM,2006,17.9,,
Guatemala,GTM,2007,18.4,,
Guatemala,GTM,2008,18,,
Guatemala,GTM,2009,18.3,,
Guatemala,GTM,2010,17.1,,
Guatemala,GTM,2011,17.7,,
Guatemala,GTM,2012,18,,
Guatemala,GTM,2013,18.5,,
Guatemala,GTM,2014,17.7,2449,
Guatemala,GTM,2015,16.9,2504,North America
Guatemala,GTM,2016,16.2,2517,
Guatemala,GTM,2017,16.1,2549,
Guernsey,GGY,2015,,,Europe
Guinea,GIN,2014,,2810,
Guinea,GIN,2015,,2807,Africa
Guinea,GIN,2016,,2816,
Guinea,GIN,2017,,2795,
Guinea-Bissau,GNB,2014,,2149,
Guinea-Bissau,GNB,2015,,2112,Africa
Guinea-Bissau,GNB,2016,,2176,
Guinea-Bissau,GNB,2017,,2253,
Guyana,GUY,2001,6.7,,
Guyana,GUY,2002,6.6,,
Guyana,GUY,2003,6.9,,
Guyana,GUY,2004,7,,
Guyana,GUY,2005,7.2,,
Guyana,GUY,2006,7.2,,
Guyana,GUY,2007,7.6,,
Guyana,GUY,2008,7.7,,
Guyana,GUY,2009,7.8,,
Guyana,GUY,2010,7.4,,
Guyana,GUY,2011,6.7,,
Guyana,GUY,2012,6,,
Guyana,GUY,2013,6.3,,
Guyana,GUY,2014,6.5,2751,
Guyana,GUY,2015,6.9,2848,South America
Guyana,GUY,2016,6.1,2833,
Guyana,GUY,2017,6,2885,
Haiti,HTI,2001,53.2,,
Haiti,HTI,2002,54.7,,
Haiti,HTI,2003,55.1,,
Haiti,HTI,2004,55.7,,
Haiti,HTI,2005,55,,
Haiti,HTI,2006,54.2,,
Haiti,HTI,2007,52.7,,
Haiti,HTI,2008,51.4,,
Haiti,HTI,2009,49,,
Haiti,HTI,2010,48.2,,
Haiti,HTI,2011,48.1,,
Haiti,HTI,2012,49.4,,
Haiti,HTI,2013,48.9,,
Haiti,HTI,2014,48.3,2143,
Haiti,HTI,2015,47.8,2145,North America
Haiti,HTI,2016,47.8,2135,
Haiti,HTI,2017,48.3,2164,
Hanover,OWID_HAN,2015,,,Europe
Heard Island and McDonald Islands,HMD,2015,,,Antarctica
Hesse Electoral,OWID_HSE,2015,,,Europe
Hesse Grand Ducal,OWID_HSG,2015,,,Europe
High income,,2001,<2.5,,
High income,,2002,<2.5,,
High income,,2003,<2.5,,
High income,,2004,<2.5,,
High income,,2005,<2.5,,
High income,,2006,<2.5,,
High income,,2007,<2.5,,
High income,,2008,<2.5,,
High income,,2009,<2.5,,
High income,,2010,<2.5,,
High income,,2011,<2.5,,
High income,,2012,<2.5,,
High income,,2013,<2.5,,
High income,,2014,<2.5,,
High income,,2015,<2.5,,
High income,,2016,<2.5,,
High income,,2017,<2.5,,
Honduras,HND,2001,22,,
Honduras,HND,2002,21.3,,
Honduras,HND,2003,21.8,,
Honduras,HND,2004,22.3,,
Honduras,HND,2005,22.4,,
Honduras,HND,2006,21.9,,
Honduras,HND,2007,21.2,,
Honduras,HND,2008,20.9,,
Honduras,HND,2009,21.1,,
Honduras,HND,2010,21.2,,
Honduras,HND,2011,21.1,,
Honduras,HND,2012,20.8,,
Honduras,HND,2013,19.3,,
Honduras,HND,2014,17.3,2535,
Honduras,HND,2015,14.9,2560,North America
Honduras,HND,2016,14.1,2591,
Honduras,HND,2017,13.8,2552,
Hong Kong,HKG,2001,<2.5,,
Hong Kong,HKG,2002,<2.5,,
Hong Kong,HKG,2003,<2.5,,
Hong Kong,HKG,2004,<2.5,,
Hong Kong,HKG,2005,<2.5,,
Hong Kong,HKG,2006,<2.5,,
Hong Kong,HKG,2007,<2.5,,
Hong Kong,HKG,2008,<2.5,,
Hong Kong,HKG,2009,<2.5,,
Hong Kong,HKG,2010,<2.5,,
Hong Kong,HKG,2011,<2.5,,
Hong Kong,HKG,2012,<2.5,,
Hong Kong,HKG,2013,<2.5,,
Hong Kong,HKG,2014,<2.5,3362,
Hong Kong,HKG,2015,<2.5,3308,Asia
Hong Kong,HKG,2016,<2.5,3309,
Hong Kong,HKG,2017,<2.5,3358,
Hungary,HUN,2001,<2.5,,
Hungary,HUN,2002,<2.5,,
Hungary,HUN,2003,<2.5,,
Hungary,HUN,2004,<2.5,,
Hungary,HUN,2005,<2.5,,
Hungary,HUN,2006,<2.5,,
Hungary,HUN,2007,<2.5,,
Hungary,HUN,2008,<2.5,,
Hungary,HUN,2009,<2.5,,
Hungary,HUN,2010,<2.5,,
Hungary,HUN,2011,<2.5,,
Hungary,HUN,2012,<2.5,,
Hungary,HUN,2013,<2.5,,
Hungary,HUN,2014,<2.5,3118,
Hungary,HUN,2015,<2.5,3223,Europe
Hungary,HUN,2016,<2.5,3260,
Hungary,HUN,2017,<2.5,3286,
Iceland,ISL,2001,<2.5,,
Iceland,ISL,2002,<2.5,,
Iceland,ISL,2003,<2.5,,
Iceland,ISL,2004,<2.5,,
Iceland,ISL,2005,<2.5,,
Iceland,ISL,2006,<2.5,,
Iceland,ISL,2007,<2.5,,
Iceland,ISL,2008,<2.5,,
Iceland,ISL,2009,<2.5,,
Iceland,ISL,2010,<2.5,,
Iceland,ISL,2011,<2.5,,
Iceland,ISL,2012,<2.5,,
Iceland,ISL,2013,<2.5,,
Iceland,ISL,2014,<2.5,3465,
Iceland,ISL,2015,<2.5,3548,Europe
Iceland,ISL,2016,<2.5,3574,
Iceland,ISL,2017,<2.5,3628,
India,IND,2001,18.6,,
India,IND,2002,20.2,,
India,IND,2003,21.7,,
India,IND,2004,22.2,,
India,IND,2005,21.7,,
India,IND,2006,19.8,,
India,IND,2007,17.6,,
India,IND,2008,16.7,,
India,IND,2009,16.4,,
India,IND,2010,16.3,,
India,IND,2011,16.3,,
India,IND,2012,16.3,,
India,IND,2013,15.9,,
India,IND,2014,15.3,2442,
India,IND,2015,14.7,2461,Asia
India,IND,2016,14.4,2496,
India,IND,2017,14.2,2517,
Indonesia,IDN,2001,19.3,,
Indonesia,IDN,2002,19.2,,
Indonesia,IDN,2003,19,,
Indonesia,IDN,2004,19.1,,
Indonesia,IDN,2005,19.3,,
Indonesia,IDN,2006,19.1,,
Indonesia,IDN,2007,18.5,,
Indonesia,IDN,2008,17.4,,
Indonesia,IDN,2009,15.5,,
Indonesia,IDN,2010,12.9,,
Indonesia,IDN,2011,10.5,,
Indonesia,IDN,2012,9.3,,
Indonesia,IDN,2013,8.9,,
Indonesia,IDN,2014,9.3,2807,
Indonesia,IDN,2015,9.3,2836,Asia
Indonesia,IDN,2016,9.2,2873,
Indonesia,IDN,2017,8.9,2892,
Iran,IRN,2001,4.8,,
Iran,IRN,2002,5.1,,
Iran,IRN,2003,5,,
Iran,IRN,2004,5,,
Iran,IRN,2005,5.2,,
Iran,IRN,2006,5.5,,
Iran,IRN,2007,5.8,,
Iran,IRN,2008,5.5,,
Iran,IRN,2009,5.1,,
Iran,IRN,2010,4.9,,
Iran,IRN,2011,4.8,,
Iran,IRN,2012,4.8,,
Iran,IRN,2013,4.8,,
Iran,IRN,2014,4.8,3100,
Iran,IRN,2015,4.9,3071,Asia
Iran,IRN,2016,4.9,3118,
Iran,IRN,2017,4.8,3119,
Iraq,IRQ,2001,22.6,,
Iraq,IRQ,2002,22.8,,
Iraq,IRQ,2003,23.2,,
Iraq,IRQ,2004,23.9,,
Iraq,IRQ,2005,23.9,,
Iraq,IRQ,2006,25.2,,
Iraq,IRQ,2007,25.7,,
Iraq,IRQ,2008,25,,
Iraq,IRQ,2009,23.3,,
Iraq,IRQ,2010,21.9,,
Iraq,IRQ,2011,21.5,,
Iraq,IRQ,2012,21.8,,
Iraq,IRQ,2013,22.1,,
Iraq,IRQ,2014,22.7,2527,
Iraq,IRQ,2015,23.6,2503,Asia
Iraq,IRQ,2016,24,2470,
Iraq,IRQ,2017,24,2506,
Ireland,IRL,2001,<2.5,,
Ireland,IRL,2002,<2.5,,
Ireland,IRL,2003,<2.5,,
Ireland,IRL,2004,<2.5,,
Ireland,IRL,2005,<2.5,,
Ireland,IRL,2006,<2.5,,
Ireland,IRL,2007,<2.5,,
Ireland,IRL,2008,<2.5,,
Ireland,IRL,2009,<2.5,,
Ireland,IRL,2010,<2.5,,
Ireland,IRL,2011,<2.5,,
Ireland,IRL,2012,<2.5,,
Ireland,IRL,2013,<2.5,,
Ireland,IRL,2014,<2.5,3676,
Ireland,IRL,2015,<2.5,3747,Europe
Ireland,IRL,2016,<2.5,3752,
Ireland,IRL,2017,<2.5,3717,
Isle of Man,IMN,2015,,,Europe
Israel,ISR,2001,<2.5,,
Israel,ISR,2002,<2.5,,
Israel,ISR,2003,<2.5,,
Israel,ISR,2004,<2.5,,
Israel,ISR,2005,<2.5,,
Israel,ISR,2006,<2.5,,
Israel,ISR,2007,<2.5,,
Israel,ISR,2008,<2.5,,
Israel,ISR,2009,<2.5,,
Israel,ISR,2010,<2.5,,
Israel,ISR,2011,<2.5,,
Israel,ISR,2012,<2.5,,
Israel,ISR,2013,<2.5,,
Israel,ISR,2014,<2.5,3498,
Israel,ISR,2015,<2.5,3453,Asia
Israel,ISR,2016,<2.5,3498,
Israel,ISR,2017,<2.5,3509,
Italy,ITA,2001,<2.5,,
Italy,ITA,2002,<2.5,,
Italy,ITA,2003,<2.5,,
Italy,ITA,2004,<2.5,,
Italy,ITA,2005,<2.5,,
Italy,ITA,2006,<2.5,,
Italy,ITA,2007,<2.5,,
Italy,ITA,2008,<2.5,,
Italy,ITA,2009,<2.5,,
Italy,ITA,2010,<2.5,,
Italy,ITA,2011,<2.5,,
Italy,ITA,2012,<2.5,,
Italy,ITA,2013,<2.5,,
Italy,ITA,2014,<2.5,3492,
Italy,ITA,2015,<2.5,3519,Europe
Italy,ITA,2016,<2.5,3508,
Italy,ITA,2017,<2.5,3522,
Jamaica,JAM,2001,7.5,,
Jamaica,JAM,2002,7,,
Jamaica,JAM,2003,7.1,,
Jamaica,JAM,2004,7.2,,
Jamaica,JAM,2005,7.5,,
Jamaica,JAM,2006,7.8,,
Jamaica,JAM,2007,8.4,,
Jamaica,JAM,2008,9.1,,
Jamaica,JAM,2009,9.6,,
Jamaica,JAM,2010,9.7,,
Jamaica,JAM,2011,9.9,,
Jamaica,JAM,2012,10.2,,
Jamaica,JAM,2013,10.2,,
Jamaica,JAM,2014,9.8,2719,
Jamaica,JAM,2015,9.7,2741,North America
Jamaica,JAM,2016,9.4,2688,
Jamaica,JAM,2017,9.3,2757,
Japan,JPN,2001,<2.5,,
Japan,JPN,2002,<2.5,,
Japan,JPN,2003,<2.5,,
Japan,JPN,2004,<2.5,,
Japan,JPN,2005,<2.5,,
Japan,JPN,2006,<2.5,,
Japan,JPN,2007,<2.5,,
Japan,JPN,2008,<2.5,,
Japan,JPN,2009,2.7,,
Japan,JPN,2010,2.7,,
Japan,JPN,2011,<2.5,,
Japan,JPN,2012,<2.5,,
Japan,JPN,2013,<2.5,,
Japan,JPN,2014,<2.5,2717,
Japan,JPN,2015,<2.5,2697,Asia
Japan,JPN,2016,<2.5,2696,
Japan,JPN,2017,<2.5,2697,
Jersey,JEY,2015,,,Europe
Jordan,JOR,2001,9.8,,
Jordan,JOR,2002,7.8,,
Jordan,JOR,2003,6.5,,
Jordan,JOR,2004,5.8,,
Jordan,JOR,2005,5.6,,
Jordan,JOR,2006,5.8,,
Jordan,JOR,2007,6.2,,
Jordan,JOR,2008,6.7,,
Jordan,JOR,2009,7,,
Jordan,JOR,2010,7.2,,
Jordan,JOR,2011,7.7,,
Jordan,JOR,2012,8.6,,
Jordan,JOR,2013,8.9,,
Jordan,JOR,2014,9,2722,
Jordan,JOR,2015,8.5,2727,Asia
Jordan,JOR,2016,8.6,2717,
Jordan,JOR,2017,8.7,2714,
Kazakhstan,KAZ,2001,6.6,,
Kazakhstan,KAZ,2002,6.7,,
Kazakhstan,KAZ,2003,7.2,,
Kazakhstan,KAZ,2004,7.5,,
Kazakhstan,KAZ,2005,7.4,,
Kazakhstan,KAZ,2006,6.4,,
Kazakhstan,KAZ,2007,5.1,,
Kazakhstan,KAZ,2008,4.3,,
Kazakhstan,KAZ,2009,4,,
Kazakhstan,KAZ,2010,3.6,,
Kazakhstan,KAZ,2011,3.2,,
Kazakhstan,KAZ,2012,2.8,,
Kazakhstan,KAZ,2013,2.8,,
Kazakhstan,KAZ,2014,<2.5,3114,
Kazakhstan,KAZ,2015,<2.5,3252,Asia
Kazakhstan,KAZ,2016,<2.5,3151,
Kazakhstan,KAZ,2017,<2.5,3196,
Kenya,KEN,2001,32.4,,
Kenya,KEN,2002,33.8,,
Kenya,KEN,2003,35.1,,
Kenya,KEN,2004,32.2,,
Kenya,KEN,2005,28.7,,
Kenya,KEN,2006,26.3,,
Kenya,KEN,2007,27.1,,
Kenya,KEN,2008,26.9,,
Kenya,KEN,2009,26,,
Kenya,KEN,2010,24.6,,
Kenya,KEN,2011,24.1,,
Kenya,KEN,2012,23.2,,
Kenya,KEN,2013,22.2,,
Kenya,KEN,2014,21.5,2154,
Kenya,KEN,2015,22.3,2172,Africa
Kenya,KEN,2016,23.4,2120,
Kenya,KEN,2017,23.7,2124,
Kiribati,KIR,2001,4.4,,
Kiribati,KIR,2002,4.5,,
Kiribati,KIR,2003,4.9,,
Kiribati,KIR,2004,4.9,,
Kiribati,KIR,2005,5,,
Kiribati,KIR,2006,5.1,,
Kiribati,KIR,2007,5.5,,
Kiribati,KIR,2008,5.6,,
Kiribati,KIR,2009,5.4,,
Kiribati,KIR,2010,5,,
Kiribati,KIR,2011,4.5,,
Kiribati,KIR,2012,4.3,,
Kiribati,KIR,2013,3.7,,
Kiribati,KIR,2014,3.2,3072,
Kiribati,KIR,2015,2.6,3104,Oceania
Kiribati,KIR,2016,2.6,3080,
Kiribati,KIR,2017,2.8,3056,
Kosovo,OWID_KOS,2015,,,Europe
Kuwait,KWT,2001,2.7,,
Kuwait,KWT,2002,<2.5,,
Kuwait,KWT,2003,<2.5,,
Kuwait,KWT,2004,<2.5,,
Kuwait,KWT,2005,<2.5,,
Kuwait,KWT,2006,<2.5,,
Kuwait,KWT,2007,<2.5,,
Kuwait,KWT,2008,<2.5,,
Kuwait,KWT,2009,<2.5,,
Kuwait,KWT,2010,<2.5,,
Kuwait,KWT,2011,<2.5,,
Kuwait,KWT,2012,<2.5,,
Kuwait,KWT,2013,<2.5,,
Kuwait,KWT,2014,<2.5,3466,
Kuwait,KWT,2015,<2.5,3462,Asia
Kuwait,KWT,2016,<2.5,3438,
Kuwait,KWT,2017,<2.5,3446,
Kyrgyzstan,KGZ,2001,15.3,,
Kyrgyzstan,KGZ,2002,13.3,,
Kyrgyzstan,KGZ,2003,11.1,,
Kyrgyzstan,KGZ,2004,9.1,,
Kyrgyzstan,KGZ,2005,9.1,,
Kyrgyzstan,KGZ,2006,9.8,,
Kyrgyzstan,KGZ,2007,10.5,,
Kyrgyzstan,KGZ,2008,9.9,,
Kyrgyzstan,KGZ,2009,9.1,,
Kyrgyzstan,KGZ,2010,8.4,,
Kyrgyzstan,KGZ,2011,8.3,,
Kyrgyzstan,KGZ,2012,8.2,,
Kyrgyzstan,KGZ,2013,7.2,,
Kyrgyzstan,KGZ,2014,6.5,2831,
Kyrgyzstan,KGZ,2015,6.1,2780,Asia
Kyrgyzstan,KGZ,2016,6.3,2770,
Kyrgyzstan,KGZ,2017,6.4,2798,
Land Locked Developing Countries,,2001,31.4,,
Land Locked Developing Countries,,2002,30.3,,
Land Locked Developing Countries,,2003,29.4,,
Land Locked Developing Countries,,2004,27.9,,
Land Locked Developing Countries,,2005,26.6,,
Land Locked Developing Countries,,2006,25.3,,
Land Locked Developing Countries,,2007,24.5,,
Land Locked Developing Countries,,2008,23.5,,
Land Locked Developing Countries,,2009,22.5,,
Land Locked Developing Countries,,2010,21.7,,
Land Locked Developing Countries,,2011,21.2,,
Land Locked Developing Countries,,2012,21.1,,
Land Locked Developing Countries,,2013,20.4,,
Land Locked Developing Countries,,2014,20,,
Land Locked Developing Countries,,2015,19.5,,
Land Locked Developing Countries,,2016,19.6,,
Land Locked Developing Countries,,2017,19.8,,
Laos,LAO,2014,,2759,
Laos,LAO,2015,,2942,Asia
Laos,LAO,2016,,3080,
Laos,LAO,2017,,3047,
Latin America and the Caribbean,,2001,10.8,,
Latin America and the Caribbean,,2002,10.3,,
Latin America and the Caribbean,,2003,9.9,,
Latin America and the Caribbean,,2004,9.3,,
Latin America and the Caribbean,,2005,8.7,,
Latin America and the Caribbean,,2006,8.1,,
Latin America and the Caribbean,,2007,7.5,,
Latin America and the Caribbean,,2008,7.3,,
Latin America and the Caribbean,,2009,7,,
Latin America and the Caribbean,,2010,6.7,,
Latin America and the Caribbean,,2011,6.4,,
Latin America and the Caribbean,,2012,6.1,,
Latin America and the Caribbean,,2013,5.9,,
Latin America and the Caribbean,,2014,5.9,,
Latin America and the Caribbean,,2015,6.2,,
Latin America and the Caribbean,,2016,6.6,,
Latin America and the Caribbean,,2017,6.9,,
Latvia,LVA,2001,4.6,,
Latvia,LVA,2002,3.5,,
Latvia,LVA,2003,2.8,,
Latvia,LVA,2004,<2.5,,
Latvia,LVA,2005,<2.5,,
Latvia,LVA,2006,<2.5,,
Latvia,LVA,2007,<2.5,,
Latvia,LVA,2008,<2.5,,
Latvia,LVA,2009,<2.5,,
Latvia,LVA,2010,<2.5,,
Latvia,LVA,2011,<2.5,,
Latvia,LVA,2012,<2.5,,
Latvia,LVA,2013,<2.5,,
Latvia,LVA,2014,<2.5,3148,
Latvia,LVA,2015,<2.5,3126,Europe
Latvia,LVA,2016,<2.5,3122,
Latvia,LVA,2017,<2.5,3169,
Least Developed Countries,,2001,32.2,,
Least Developed Countries,,2002,31.1,,
Least Developed Countries,,2003,30.3,,
Least Developed Countries,,2004,29.2,,
Least Developed Countries,,2005,28.1,,
Least Developed Countries,,2006,26.9,,
Least Developed Countries,,2007,26,,
Least Developed Countries,,2008,25.1,,
Least Developed Countries,,2009,24.3,,
Least Developed Countries,,2010,23.6,,
Least Developed Countries,,2011,23.2,,
Least Developed Countries,,2012,23,,
Least Developed Countries,,2013,22.7,,
Least Developed Countries,,2014,22.7,,
Least Developed Countries,,2015,22.7,,
Least Developed Countries,,2016,22.9,,
Least Developed Countries,,2017,22.9,,
Lebanon,LBN,2001,7.9,,
Lebanon,LBN,2002,8.7,,
Lebanon,LBN,2003,9.7,,
Lebanon,LBN,2004,10.8,,
Lebanon,LBN,2005,11,,
Lebanon,LBN,2006,10.6,,
Lebanon,LBN,2007,10,,
Lebanon,LBN,2008,9.5,,
Lebanon,LBN,2009,9.7,,
Lebanon,LBN,2010,10.3,,
Lebanon,LBN,2011,12.2,,
Lebanon,LBN,2012,15,,
Lebanon,LBN,2013,12.4,,
Lebanon,LBN,2014,9.3,3001,
Lebanon,LBN,2015,5.6,2958,Asia
Lebanon,LBN,2016,6.2,2925,
Lebanon,LBN,2017,6.2,2880,
Lesotho,LSO,2001,20.2,,
Lesotho,LSO,2002,18.6,,
Lesotho,LSO,2003,17,,
Lesotho,LSO,2004,15.5,,
Lesotho,LSO,2005,13.8,,
Lesotho,LSO,2006,12.9,,
Lesotho,LSO,2007,12.5,,
Lesotho,LSO,2008,12.4,,
Lesotho,LSO,2009,12,,
Lesotho,LSO,2010,11.7,,
Lesotho,LSO,2011,11.6,,
Lesotho,LSO,2012,11.9,,
Lesotho,LSO,2013,15.5,,
Lesotho,LSO,2014,22.7,2318,
Lesotho,LSO,2015,36.8,2134,Africa
Lesotho,LSO,2016,37.4,1846,
Lesotho,LSO,2017,37.9,2282,
Liberia,LBR,2001,36.7,,
Liberia,LBR,2002,38.2,,
Liberia,LBR,2003,37.7,,
Liberia,LBR,2004,36.6,,
Liberia,LBR,2005,35.9,,
Liberia,LBR,2006,35.3,,
Liberia,LBR,2007,34.5,,
Liberia,LBR,2008,33,,
Liberia,LBR,2009,32.4,,
Liberia,LBR,2010,32.2,,
Liberia,LBR,2011,33,,
Liberia,LBR,2012,33.3,,
Liberia,LBR,2013,35.6,,
Liberia,LBR,2014,37.1,2158,
Liberia,LBR,2015,38.8,2122,Africa
Liberia,LBR,2016,38.8,2123,
Liberia,LBR,2017,38.4,2132,
Libya,LBY,2015,,,Africa
Liechtenstein,LIE,2015,,,Europe
Lithuania,LTU,2001,<2.5,,
Lithuania,LTU,2002,<2.5,,
Lithuania,LTU,2003,<2.5,,
Lithuania,LTU,2004,<2.5,,
Lithuania,LTU,2005,<2.5,,
Lithuania,LTU,2006,<2.5,,
Lithuania,LTU,2007,<2.5,,
Lithuania,LTU,2008,<2.5,,
Lithuania,LTU,2009,<2.5,,
Lithuania,LTU,2010,<2.5,,
Lithuania,LTU,2011,<2.5,,
Lithuania,LTU,2012,<2.5,,
Lithuania,LTU,2013,<2.5,,
Lithuania,LTU,2014,<2.5,3391,
Lithuania,LTU,2015,<2.5,3374,Europe
Lithuania,LTU,2016,<2.5,3412,
Lithuania,LTU,2017,<2.5,3419,
Low Income Food Deficit Countries,,2001,23.1,,
Low Income Food Deficit Countries,,2002,23.6,,
Low Income Food Deficit Countries,,2003,24.2,,
Low Income Food Deficit Countries,,2004,24.1,,
Low Income Food Deficit Countries,,2005,23.4,,
Low Income Food Deficit Countries,,2006,21.9,,
Low Income Food Deficit Countries,,2007,20.5,,
Low Income Food Deficit Countries,,2008,19.7,,
Low Income Food Deficit Countries,,2009,19.3,,
Low Income Food Deficit Countries,,2010,19,,
Low Income Food Deficit Countries,,2011,18.8,,
Low Income Food Deficit Countries,,2012,18.7,,
Low Income Food Deficit Countries,,2013,18.4,,
Low Income Food Deficit Countries,,2014,18.1,,
Low Income Food Deficit Countries,,2015,17.8,,
Low Income Food Deficit Countries,,2016,17.7,,
Low Income Food Deficit Countries,,2017,17.6,,
Low income,,2001,36.1,,
Low income,,2002,35.3,,
Low income,,2003,34.4,,
Low income,,2004,33.3,,
Low income,,2005,32.2,,
Low income,,2006,31.1,,
Low income,,2007,30.4,,
Low income,,2008,29.4,,
Low income,,2009,28.6,,
Low income,,2010,27.7,,
Low income,,2011,27.2,,
Low income,,2012,27.1,,
Low income,,2013,26.9,,
Low income,,2014,27.2,,
Low income,,2015,27.3,,
Low income,,2016,27.7,,
Low income,,2017,27.8,,
Lower-middle income,,2001,18.5,,
Lower-middle income,,2002,19.1,,
Lower-middle income,,2003,19.5,,
Lower-middle income,,2004,19.4,,
Lower-middle income,,2005,18.7,,
Lower-middle income,,2006,17.4,,
Lower-middle income,,2007,16.1,,
Lower-middle income,,2008,15.4,,
Lower-middle income,,2009,15,,
Lower-middle income,,2010,14.7,,
Lower-middle income,,2011,14.4,,
Lower-middle income,,2012,14.2,,
Lower-middle income,,2013,13.9,,
Lower-middle income,,2014,13.5,,
Lower-middle income,,2015,13.2,,
Lower-middle income,,2016,12.9,,
Lower-middle income,,2017,12.7,,
Luxembourg,LUX,2001,<2.5,,
Luxembourg,LUX,2002,<2.5,,
Luxembourg,LUX,2003,<2.5,,
Luxembourg,LUX,2004,<2.5,,
Luxembourg,LUX,2005,<2.5,,
Luxembourg,LUX,2006,<2.5,,
Luxembourg,LUX,2007,<2.5,,
Luxembourg,LUX,2008,<2.5,,
Luxembourg,LUX,2009,<2.5,,
Luxembourg,LUX,2010,<2.5,,
Luxembourg,LUX,2011,<2.5,,
Luxembourg,LUX,2012,<2.5,,
Luxembourg,LUX,2013,<2.5,,
Luxembourg,LUX,2014,<2.5,3361,
Luxembourg,LUX,2015,<2.5,3295,Europe
Luxembourg,LUX,2016,<2.5,3318,
Luxembourg,LUX,2017,<2.5,3335,
Macao,MAC,2001,21.3,,
Macao,MAC,2002,20.6,,
Macao,MAC,2003,19.1,,
Macao,MAC,2004,17.3,,
Macao,MAC,2005,16,,
Macao,MAC,2006,15.2,,
Macao,MAC,2007,15,,
Macao,MAC,2008,14.5,,
Macao,MAC,2009,14.2,,
Macao,MAC,2010,13.8,,
Macao,MAC,2011,13.3,,
Macao,MAC,2012,13.1,,
Macao,MAC,2013,11.4,,
Macao,MAC,2014,10.3,3051,
Macao,MAC,2015,9.4,3000,Asia
Macao,MAC,2016,9.5,2962,
Macao,MAC,2017,9.2,3002,
Madagascar,MDG,2001,33.9,,
Madagascar,MDG,2002,35.3,,
Madagascar,MDG,2003,36.6,,
Madagascar,MDG,2004,35.2,,
Madagascar,MDG,2005,33.5,,
Madagascar,MDG,2006,31.1,,
Madagascar,MDG,2007,30.6,,
Madagascar,MDG,2008,30.5,,
Madagascar,MDG,2009,30.6,,
Madagascar,MDG,2010,30,,
Madagascar,MDG,2011,30.1,,
Madagascar,MDG,2012,30.7,,
Madagascar,MDG,2013,33.2,,
Madagascar,MDG,2014,36.7,1992,
Madagascar,MDG,2015,40.2,1928,Africa
Madagascar,MDG,2016,41.4,1925,
Madagascar,MDG,2017,41.2,1903,
Malawi,MWI,2001,23.8,,
Malawi,MWI,2002,24,,
Malawi,MWI,2003,24.7,,
Malawi,MWI,2004,24.2,,
Malawi,MWI,2005,22.5,,
Malawi,MWI,2006,20.6,,
Malawi,MWI,2007,18.7,,
Malawi,MWI,2008,18.1,,
Malawi,MWI,2009,17.6,,
Malawi,MWI,2010,17.3,,
Malawi,MWI,2011,17.1,,
Malawi,MWI,2012,17,,
Malawi,MWI,2013,17.3,,
Malawi,MWI,2014,16.9,2612,
Malawi,MWI,2015,17.4,2596,Africa
Malawi,MWI,2016,17,2554,
Malawi,MWI,2017,18.6,2647,
Malaysia,MYS,2001,2.6,,
Malaysia,MYS,2002,2.9,,
Malaysia,MYS,2003,3,,
Malaysia,MYS,2004,3.2,,
Malaysia,MYS,2005,3.3,,
Malaysia,MYS,2006,3.5,,
Malaysia,MYS,2007,3.7,,
Malaysia,MYS,2008,3.7,,
Malaysia,MYS,2009,3.6,,
Malaysia,MYS,2010,3.2,,
Malaysia,MYS,2011,3,,
Malaysia,MYS,2012,2.9,,
Malaysia,MYS,2013,3.5,,
Malaysia,MYS,2014,3.7,2783,
Malaysia,MYS,2015,4,2865,Asia
Malaysia,MYS,2016,3.4,2843,
Malaysia,MYS,2017,3.2,2909,
Maldives,MDV,2014,,2411,
Maldives,MDV,2015,,2400,Asia
Maldives,MDV,2016,,2409,
Maldives,MDV,2017,,2252,
Mali,MLI,2001,16.4,,
Mali,MLI,2002,15.4,,
Mali,MLI,2003,15.2,,
Mali,MLI,2004,14.6,,
Mali,MLI,2005,13.5,,
Mali,MLI,2006,12,,
Mali,MLI,2007,10.6,,
Mali,MLI,2008,9.5,,
Mali,MLI,2009,9,,
Mali,MLI,2010,8.7,,
Mali,MLI,2011,8.5,,
Mali,MLI,2012,8,,
Mali,MLI,2013,6.9,,
Mali,MLI,2014,6.1,2833,
Mali,MLI,2015,5.4,2820,Africa
Mali,MLI,2016,5.3,2897,
Mali,MLI,2017,5.2,2926,
Malta,MLT,2001,<2.5,,
Malta,MLT,2002,<2.5,,
Malta,MLT,2003,<2.5,,
Malta,MLT,2004,<2.5,,
Malta,MLT,2005,<2.5,,
Malta,MLT,2006,<2.5,,
Malta,MLT,2007,<2.5,,
Malta,MLT,2008,<2.5,,
Malta,MLT,2009,<2.5,,
Malta,MLT,2010,<2.5,,
Malta,MLT,2011,<2.5,,
Malta,MLT,2012,<2.5,,
Malta,MLT,2013,<2.5,,
Malta,MLT,2014,<2.5,3438,
Malta,MLT,2015,<2.5,3445,Europe
Malta,MLT,2016,<2.5,3400,
Malta,MLT,2017,<2.5,3460,
Marshall Islands,MHL,2015,,,Oceania
Martinique,MTQ,2015,,,North America
Mauritania,MRT,2001,8.4,,
Mauritania,MRT,2002,8,,
Mauritania,MRT,2003,8.4,,
Mauritania,MRT,2004,8.7,,
Mauritania,MRT,2005,9.6,,
Mauritania,MRT,2006,8.9,,
Mauritania,MRT,2007,8.2,,
Mauritania,MRT,2008,7.4,,
Mauritania,MRT,2009,7.3,,
Mauritania,MRT,2010,7.4,,
Mauritania,MRT,2011,7.2,,
Mauritania,MRT,2012,7.1,,
Mauritania,MRT,2013,7.1,,
Mauritania,MRT,2014,7.9,2924,
Mauritania,MRT,2015,9.6,2835,Africa
Mauritania,MRT,2016,10.8,2749,
Mauritania,MRT,2017,11.7,2842,
Mauritius,MUS,2001,5.8,,
Mauritius,MUS,2002,5.6,,
Mauritius,MUS,2003,5.4,,
Mauritius,MUS,2004,5.3,,
Mauritius,MUS,2005,5.1,,
Mauritius,MUS,2006,5,,
Mauritius,MUS,2007,5.3,,
Mauritius,MUS,2008,5,,
Mauritius,MUS,2009,4.9,,
Mauritius,MUS,2010,4.7,,
Mauritius,MUS,2011,5.3,,
Mauritius,MUS,2012,5.7,,
Mauritius,MUS,2013,5.8,,
Mauritius,MUS,2014,5.4,3003,
Mauritius,MUS,2015,5.8,3066,Africa
Mauritius,MUS,2016,5.4,2986,
Mauritius,MUS,2017,5.5,3127,
Mayotte,MYT,2015,,,Africa
Mecklenburg Schwerin,OWID_MEC,2015,,,Europe
Mexico,MEX,2001,3.3,,
Mexico,MEX,2002,3.7,,
Mexico,MEX,2003,4.3,,
Mexico,MEX,2004,4.6,,
Mexico,MEX,2005,4.5,,
Mexico,MEX,2006,4.1,,
Mexico,MEX,2007,4.1,,
Mexico,MEX,2008,4.5,,
Mexico,MEX,2009,4.8,,
Mexico,MEX,2010,4.8,,
Mexico,MEX,2011,4.6,,
Mexico,MEX,2012,4.3,,
Mexico,MEX,2013,4.1,,
Mexico,MEX,2014,4.6,3207,
Mexico,MEX,2015,5.6,3242,North America
Mexico,MEX,2016,6.4,3253,
Mexico,MEX,2017,6.7,3260,
Micronesia (country),FSM,2015,,,Oceania
Middle Africa,,2001,40.1,,
Middle Africa,,2002,38.7,,
Middle Africa,,2003,38,,
Middle Africa,,2004,36.8,,
Middle Africa,,2005,35.7,,
Middle Africa,,2006,34.3,,
Middle Africa,,2007,33.3,,
Middle Africa,,2008,32.2,,
Middle Africa,,2009,31.3,,
Middle Africa,,2010,30.2,,
Middle Africa,,2011,29.5,,
Middle Africa,,2012,28.9,,
Middle Africa,,2013,28.1,,
Middle Africa,,2014,27.9,,
Middle Africa,,2015,27.9,,
Middle Africa,,2016,28.6,,
Middle Africa,,2017,28.9,,
Modena,OWID_MOD,2015,,,Europe
Moldova,MDA,2014,,2375,
Moldova,MDA,2015,,2354,Europe
Moldova,MDA,2016,,2424,
Moldova,MDA,2017,,2395,
Monaco,MCO,2015,,,Europe
Mongolia,MNG,2001,31.2,,
Mongolia,MNG,2002,30.7,,
Mongolia,MNG,2003,30.9,,
Mongolia,MNG,2004,30.8,,
Mongolia,MNG,2005,29.7,,
Mongolia,MNG,2006,27.5,,
Mongolia,MNG,2007,25.3,,
Mongolia,MNG,2008,22.4,,
Mongolia,MNG,2009,20.8,,
Mongolia,MNG,2010,19.5,,
Mongolia,MNG,2011,18.9,,
Mongolia,MNG,2012,18,,
Mongolia,MNG,2013,17,,
Mongolia,MNG,2014,20.8,2486,
Mongolia,MNG,2015,19.5,2229,Asia
Mongolia,MNG,2016,21.2,2565,
Mongolia,MNG,2017,18.8,2371,
Montenegro,MNE,2001,<2.5,,
Montenegro,MNE,2002,<2.5,,
Montenegro,MNE,2003,<2.5,,
Montenegro,MNE,2004,<2.5,,
Montenegro,MNE,2005,<2.5,,
Montenegro,MNE,2006,<2.5,,
Montenegro,MNE,2007,<2.5,,
Montenegro,MNE,2008,<2.5,,
Montenegro,MNE,2009,<2.5,,
Montenegro,MNE,2010,<2.5,,
Montenegro,MNE,2011,<2.5,,
Montenegro,MNE,2012,<2.5,,
Montenegro,MNE,2013,<2.5,,
Montenegro,MNE,2014,<2.5,3283,
Montenegro,MNE,2015,<2.5,3225,Europe
Montenegro,MNE,2016,<2.5,3445,
Montenegro,MNE,2017,<2.5,3481,
Montserrat,MSR,2015,,,North America
Morocco,MAR,2001,6.4,,
Morocco,MAR,2002,6,,
Morocco,MAR,2003,5.6,,
Morocco,MAR,2004,5.6,,
Morocco,MAR,2005,5.5,,
Morocco,MAR,2006,5.7,,
Morocco,MAR,2007,5.6,,
Morocco,MAR,2008,5.7,,
Morocco,MAR,2009,5.7,,
Morocco,MAR,2010,5.6,,
Morocco,MAR,2011,5.3,,
Morocco,MAR,2012,4.9,,
Morocco,MAR,2013,4.4,,
Morocco,MAR,2014,4.1,3409,
Morocco,MAR,2015,3.8,3402,Africa
Morocco,MAR,2016,3.8,3429,
Morocco,MAR,2017,4,3380,
Mozambique,MOZ,2001,36.6,,
Mozambique,MOZ,2002,35.3,,
Mozambique,MOZ,2003,34.2,,
Mozambique,MOZ,2004,34.2,,
Mozambique,MOZ,2005,33.4,,
Mozambique,MOZ,2006,32.5,,
Mozambique,MOZ,2007,30,,
Mozambique,MOZ,2008,28.8,,
Mozambique,MOZ,2009,25.9,,
Mozambique,MOZ,2010,24.2,,
Mozambique,MOZ,2011,22,,
Mozambique,MOZ,2012,21.1,,
Mozambique,MOZ,2013,22.9,,
Mozambique,MOZ,2014,26.7,2310,
Mozambique,MOZ,2015,31,2339,Africa
Mozambique,MOZ,2016,32.9,2362,
Mozambique,MOZ,2017,32.9,2304,
Myanmar,MMR,2001,37.7,,
Myanmar,MMR,2002,34.8,,
Myanmar,MMR,2003,32.5,,
Myanmar,MMR,2004,30.3,,
Myanmar,MMR,2005,27.9,,
Myanmar,MMR,2006,24.9,,
Myanmar,MMR,2007,21.3,,
Myanmar,MMR,2008,18.5,,
Myanmar,MMR,2009,15.9,,
Myanmar,MMR,2010,14.2,,
Myanmar,MMR,2011,12.7,,
Myanmar,MMR,2012,12.1,,
Myanmar,MMR,2013,12.8,,
Myanmar,MMR,2014,13.6,2639,
Myanmar,MMR,2015,13.9,2675,Asia
Myanmar,MMR,2016,13.5,2728,
Myanmar,MMR,2017,13.7,2701,
Nagorno-Karabakh,OWID_NAG,2015,,,Asia
Namibia,NAM,2001,13.1,,
Namibia,NAM,2002,13.5,,
Namibia,NAM,2003,14.2,,
Namibia,NAM,2004,14.6,,
Namibia,NAM,2005,15.7,,
Namibia,NAM,2006,17.1,,
Namibia,NAM,2007,20,,
Namibia,NAM,2008,23.9,,
Namibia,NAM,2009,27.5,,
Namibia,NAM,2010,28.3,,
Namibia,NAM,2011,26.5,,
Namibia,NAM,2012,24,,
Namibia,NAM,2013,21.6,,
Namibia,NAM,2014,18.1,2282,
Namibia,NAM,2015,14.8,2431,Africa
Namibia,NAM,2016,12.8,2469,
Namibia,NAM,2017,13.3,2431,
Nauru,NRU,2015,,,Oceania
Nepal,NPL,2001,23.6,,
Nepal,NPL,2002,21.9,,
Nepal,NPL,2003,19.9,,
Nepal,NPL,2004,17.7,,
Nepal,NPL,2005,16.9,,
Nepal,NPL,2006,16,,
Nepal,NPL,2007,15,,
Nepal,NPL,2008,13.1,,
Nepal,NPL,2009,11.5,,
Nepal,NPL,2010,9.9,,
Nepal,NPL,2011,8.4,,
Nepal,NPL,2012,7.1,,
Nepal,NPL,2013,6.6,,
Nepal,NPL,2014,6.5,2803,
Nepal,NPL,2015,6.4,2808,Asia
Nepal,NPL,2016,6,2825,
Nepal,NPL,2017,6,2866,
Netherlands,NLD,2001,<2.5,,
Netherlands,NLD,2002,<2.5,,
Netherlands,NLD,2003,<2.5,,
Netherlands,NLD,2004,<2.5,,
Netherlands,NLD,2005,<2.5,,
Netherlands,NLD,2006,<2.5,,
Netherlands,NLD,2007,<2.5,,
Netherlands,NLD,2008,<2.5,,
Netherlands,NLD,2009,<2.5,,
Netherlands,NLD,2010,<2.5,,
Netherlands,NLD,2011,<2.5,,
Netherlands,NLD,2012,<2.5,,
Netherlands,NLD,2013,<2.5,,
Netherlands,NLD,2014,<2.5,3211,
Netherlands,NLD,2015,<2.5,3249,Europe
Netherlands,NLD,2016,<2.5,3220,
Netherlands,NLD,2017,<2.5,3249,
Netherlands Antilles,ANT,2015,,,North America
New Caledonia,NCL,2001,8.5,,
New Caledonia,NCL,2002,8.8,,
New Caledonia,NCL,2003,9.2,,
New Caledonia,NCL,2004,9.6,,
New Caledonia,NCL,2005,9.6,,
New Caledonia,NCL,2006,9.6,,
New Caledonia,NCL,2007,9.5,,
New Caledonia,NCL,2008,9.2,,
New Caledonia,NCL,2009,9,,
New Caledonia,NCL,2010,8.5,,
New Caledonia,NCL,2011,8.2,,
New Caledonia,NCL,2012,8.1,,
New Caledonia,NCL,2013,7.8,,
New Caledonia,NCL,2014,7.9,2816,
New Caledonia,NCL,2015,8.2,2780,Oceania
New Caledonia,NCL,2016,8.7,2739,
New Caledonia,NCL,2017,8.6,2752,
New Zealand,NZL,2001,<2.5,,
New Zealand,NZL,2002,<2.5,,
New Zealand,NZL,2003,<2.5,,
New Zealand,NZL,2004,<2.5,,
New Zealand,NZL,2005,<2.5,,
New Zealand,NZL,2006,<2.5,,
New Zealand,NZL,2007,<2.5,,
New Zealand,NZL,2008,<2.5,,
New Zealand,NZL,2009,<2.5,,
New Zealand,NZL,2010,<2.5,,
New Zealand,NZL,2011,<2.5,,
New Zealand,NZL,2012,<2.5,,
New Zealand,NZL,2013,<2.5,,
New Zealand,NZL,2014,<2.5,3153,
New Zealand,NZL,2015,<2.5,3151,Oceania
New Zealand,NZL,2016,<2.5,3148,
New Zealand,NZL,2017,<2.5,3156,
Nicaragua,NIC,2001,27.6,,
Nicaragua,NIC,2002,25.3,,
Nicaragua,NIC,2003,25,,
Nicaragua,NIC,2004,24.1,,
Nicaragua,NIC,2005,23.3,,
Nicaragua,NIC,2006,22.3,,
Nicaragua,NIC,2007,21.7,,
Nicaragua,NIC,2008,21.2,,
Nicaragua,NIC,2009,20.9,,
Nicaragua,NIC,2010,20.2,,
Nicaragua,NIC,2011,19.2,,
Nicaragua,NIC,2012,17.9,,
Nicaragua,NIC,2013,18.3,,
Nicaragua,NIC,2014,18.8,2524,
Nicaragua,NIC,2015,19,2525,North America
Nicaragua,NIC,2016,18.1,2642,
Nicaragua,NIC,2017,17.1,2629,
Niger,NER,2014,,2546,
Niger,NER,2015,,2555,Africa
Niger,NER,2016,,2577,
Niger,NER,2017,,2579,
Nigeria,NGA,2001,9.1,,
Nigeria,NGA,2002,9.1,,
Nigeria,NGA,2003,8.8,,
Nigeria,NGA,2004,8.2,,
Nigeria,NGA,2005,7.4,,
Nigeria,NGA,2006,7,,
Nigeria,NGA,2007,6.9,,
Nigeria,NGA,2008,7.2,,
Nigeria,NGA,2009,7.3,,
Nigeria,NGA,2010,7.4,,
Nigeria,NGA,2011,7.5,,
Nigeria,NGA,2012,7.6,,
Nigeria,NGA,2013,8.6,,
Nigeria,NGA,2014,9.8,2592,
Nigeria,NGA,2015,11.1,2522,Africa
Nigeria,NGA,2016,12,2563,
Nigeria,NGA,2017,11.9,2464,
Niue,NIU,2015,,,Oceania
Norfolk Island,NFK,2015,,,Oceania
North Korea,PRK,2001,35.7,,
North Korea,PRK,2002,34.9,,
North Korea,PRK,2003,32.4,,
North Korea,PRK,2004,32.6,,
North Korea,PRK,2005,33.9,,
North Korea,PRK,2006,36.2,,
North Korea,PRK,2007,38.3,,
North Korea,PRK,2008,39.8,,
North Korea,PRK,2009,40.5,,
North Korea,PRK,2010,40.7,,
North Korea,PRK,2011,40.5,,
North Korea,PRK,2012,40.5,,
North Korea,PRK,2013,41.4,,
North Korea,PRK,2014,43,2080,
North Korea,PRK,2015,44.5,2093,Asia
North Korea,PRK,2016,46,2058,
North Korea,PRK,2017,47,2032,
North Macedonia,MKD,2001,7.6,,
North Macedonia,MKD,2002,7.6,,
North Macedonia,MKD,2003,5.9,,
North Macedonia,MKD,2004,5.5,,
North Macedonia,MKD,2005,5,,
North Macedonia,MKD,2006,4.5,,
North Macedonia,MKD,2007,3.6,,
North Macedonia,MKD,2008,2.9,,
North Macedonia,MKD,2009,3.2,,
North Macedonia,MKD,2010,3.4,,
North Macedonia,MKD,2011,3.7,,
North Macedonia,MKD,2012,3.7,,
North Macedonia,MKD,2013,3.7,,
North Macedonia,MKD,2014,3.5,2947,
North Macedonia,MKD,2015,3.4,3020,Europe
North Macedonia,MKD,2016,3.1,3016,
North Macedonia,MKD,2017,3.1,3000,
Northern Africa,,2001,9.6,,
Northern Africa,,2002,9.4,,
Northern Africa,,2003,9.6,,
Northern Africa,,2004,9.8,,
Northern Africa,,2005,9.7,,
Northern Africa,,2006,9.3,,
Northern Africa,,2007,9,,
Northern Africa,,2008,8.9,,
Northern Africa,,2009,8.8,,
Northern Africa,,2010,8.8,,
Northern Africa,,2011,8.4,,
Northern Africa,,2012,8.1,,
Northern Africa,,2013,7.2,,
Northern Africa,,2014,6.7,,
Northern Africa,,2015,6.2,,
Northern Africa,,2016,6.4,,
Northern Africa,,2017,6.4,,
Northern America,,2001,<2.5,,
Northern America,,2002,<2.5,,
Northern America,,2003,<2.5,,
Northern America,,2004,<2.5,,
Northern America,,2005,<2.5,,
Northern America,,2006,<2.5,,
Northern America,,2007,<2.5,,
Northern America,,2008,<2.5,,
Northern America,,2009,<2.5,,
Northern America,,2010,<2.5,,
Northern America,,2011,<2.5,,
Northern America,,2012,<2.5,,
Northern America,,2013,<2.5,,
Northern America,,2014,<2.5,,
Northern America,,2015,<2.5,,
Northern America,,2016,<2.5,,
Northern America,,2017,<2.5,,
Northern Cyprus,OWID_CYN,2015,,,Asia
Northern Europe,,2001,<2.5,,
Northern Europe,,2002,<2.5,,
Northern Europe,,2003,<2.5,,
Northern Europe,,2004,<2.5,,
Northern Europe,,2005,<2.5,,
Northern Europe,,2006,<2.5,,
Northern Europe,,2007,<2.5,,
Northern Europe,,2008,<2.5,,
Northern Europe,,2009,<2.5,,
Northern Europe,,2010,<2.5,,
Northern Europe,,2011,<2.5,,
Northern Europe,,2012,<2.5,,
Northern Europe,,2013,<2.5,,
Northern Europe,,2014,<2.5,,
Northern Europe,,2015,<2.5,,
Northern Europe,,2016,<2.5,,
Northern Europe,,2017,<2.5,,
Northern Mariana Islands,MNP,2015,,,Oceania
Norway,NOR,2001,<2.5,,
Norway,NOR,2002,<2.5,,
Norway,NOR,2003,<2.5,,
Norway,NOR,2004,<2.5,,
Norway,NOR,2005,<2.5,,
Norway,NOR,2006,<2.5,,
Norway,NOR,2007,<2.5,,
Norway,NOR,2008,<2.5,,
Norway,NOR,2009,<2.5,,
Norway,NOR,2010,<2.5,,
Norway,NOR,2011,<2.5,,
Norway,NOR,2012,<2.5,,
Norway,NOR,2013,<2.5,,
Norway,NOR,2014,<2.5,3453,
Norway,NOR,2015,<2.5,3435,Europe
Norway,NOR,2016,<2.5,3374,
Norway,NOR,2017,<2.5,3385,
Oceania,,2001,5.6,,
Oceania,,2002,5.6,,
Oceania,,2003,5.6,,
Oceania,,2004,5.7,,
Oceania,,2005,5.5,,
Oceania,,2006,5.3,,
Oceania,,2007,5.1,,
Oceania,,2008,5.2,,
Oceania,,2009,5.2,,
Oceania,,2010,5.3,,
Oceania,,2011,5.5,,
Oceania,,2012,5.6,,
Oceania,,2013,5.5,,
Oceania,,2014,5.4,,
Oceania,,2015,5.5,,
Oceania,,2016,5.8,,
Oceania,,2017,5.9,,
Oman,OMN,2001,12.4,,
Oman,OMN,2002,11.4,,
Oman,OMN,2003,11.1,,
Oman,OMN,2004,10.2,,
Oman,OMN,2005,9.7,,
Oman,OMN,2006,9.7,,
Oman,OMN,2007,9.8,,
Oman,OMN,2008,9.8,,
Oman,OMN,2009,9.5,,
Oman,OMN,2010,9.2,,
Oman,OMN,2011,8.5,,
Oman,OMN,2012,7.3,,
Oman,OMN,2013,6.8,,
Oman,OMN,2014,6.9,2990,
Oman,OMN,2015,7.7,2970,Asia
Oman,OMN,2016,8.1,2928,
Oman,OMN,2017,8.2,2931,
Pakistan,PAK,2001,21.2,,
Pakistan,PAK,2002,21.9,,
Pakistan,PAK,2003,21.1,,
Pakistan,PAK,2004,19.2,,
Pakistan,PAK,2005,17.7,,
Pakistan,PAK,2006,16.5,,
Pakistan,PAK,2007,15.9,,
Pakistan,PAK,2008,16,,
Pakistan,PAK,2009,16.4,,
Pakistan,PAK,2010,16.9,,
Pakistan,PAK,2011,17.4,,
Pakistan,PAK,2012,17.7,,
Pakistan,PAK,2013,16.2,,
Pakistan,PAK,2014,14.6,2316,
Pakistan,PAK,2015,12.8,2318,Asia
Pakistan,PAK,2016,12.1,2314,
Pakistan,PAK,2017,12,2326,
Palau,PLW,2015,,,Oceania
Palestine,PSE,2015,,,Asia
Panama,PAN,2001,24.6,,
Panama,PAN,2002,20.6,,
Panama,PAN,2003,21.1,,
Panama,PAN,2004,21.4,,
Panama,PAN,2005,21.7,,
Panama,PAN,2006,18.6,,
Panama,PAN,2007,16.3,,
Panama,PAN,2008,14.2,,
Panama,PAN,2009,13,,
Panama,PAN,2010,11.9,,
Panama,PAN,2011,10.3,,
Panama,PAN,2012,9.2,,
Panama,PAN,2013,8.7,,
Panama,PAN,2014,8.4,2738,
Panama,PAN,2015,8.3,2771,North America
Panama,PAN,2016,7.8,2800,
Panama,PAN,2017,7.3,2839,
Papua New Guinea,PNG,2015,,,Oceania
Paraguay,PRY,2001,10.6,,
Paraguay,PRY,2002,9.4,,
Paraguay,PRY,2003,8.9,,
Paraguay,PRY,2004,9.2,,
Paraguay,PRY,2005,9.6,,
Paraguay,PRY,2006,9.8,,
Paraguay,PRY,2007,9.5,,
Paraguay,PRY,2008,9.8,,
Paraguay,PRY,2009,9.4,,
Paraguay,PRY,2010,8.5,,
Paraguay,PRY,2011,7.9,,
Paraguay,PRY,2012,7.9,,
Paraguay,PRY,2013,7.8,,
Paraguay,PRY,2014,7.7,2768,
Paraguay,PRY,2015,8,2719,South America
Paraguay,PRY,2016,8.5,2687,
Paraguay,PRY,2017,8.7,2740,
Parma,OWID_PMA,2015,,,Europe
Peru,PER,2001,21.6,,
Peru,PER,2002,23,,
Peru,PER,2003,23.2,,
Peru,PER,2004,21.8,,
Peru,PER,2005,18.9,,
Peru,PER,2006,15.8,,
Peru,PER,2007,13.8,,
Peru,PER,2008,11.7,,
Peru,PER,2009,9.6,,
Peru,PER,2010,8.2,,
Peru,PER,2011,6.9,,
Peru,PER,2012,5.9,,
Peru,PER,2013,5.6,,
Peru,PER,2014,5.8,2737,
Peru,PER,2015,6.6,2783,South America
Peru,PER,2016,6.9,2743,
Peru,PER,2017,7,2769,
Philippines,PHL,2001,18.8,,
Philippines,PHL,2002,18.5,,
Philippines,PHL,2003,17.3,,
Philippines,PHL,2004,16.3,,
Philippines,PHL,2005,15,,
Philippines,PHL,2006,14.1,,
Philippines,PHL,2007,13.2,,
Philippines,PHL,2008,12.7,,
Philippines,PHL,2009,12.8,,
Philippines,PHL,2010,13.1,,
Philippines,PHL,2011,13.3,,
Philippines,PHL,2012,13.4,,
Philippines,PHL,2013,14.6,,
Philippines,PHL,2014,15.3,2564,
Philippines,PHL,2015,16.2,2614,Asia
Philippines,PHL,2016,15.2,2627,
Philippines,PHL,2017,14.9,2674,
Pitcairn,PCN,2015,,,Oceania
Poland,POL,2001,<2.5,,
Poland,POL,2002,<2.5,,
Poland,POL,2003,<2.5,,
Poland,POL,2004,<2.5,,
Poland,POL,2005,<2.5,,
Poland,POL,2006,<2.5,,
Poland,POL,2007,<2.5,,
Poland,POL,2008,<2.5,,
Poland,POL,2009,<2.5,,
Poland,POL,2010,<2.5,,
Poland,POL,2011,<2.5,,
Poland,POL,2012,<2.5,,
Poland,POL,2013,<2.5,,
Poland,POL,2014,<2.5,3446,
Poland,POL,2015,<2.5,3414,Europe
Poland,POL,2016,<2.5,3482,
Poland,POL,2017,<2.5,3525,
Portugal,PRT,2001,<2.5,,
Portugal,PRT,2002,<2.5,,
Portugal,PRT,2003,<2.5,,
Portugal,PRT,2004,<2.5,,
Portugal,PRT,2005,<2.5,,
Portugal,PRT,2006,<2.5,,
Portugal,PRT,2007,<2.5,,
Portugal,PRT,2008,<2.5,,
Portugal,PRT,2009,<2.5,,
Portugal,PRT,2010,<2.5,,
Portugal,PRT,2011,<2.5,,
Portugal,PRT,2012,<2.5,,
Portugal,PRT,2013,<2.5,,
Portugal,PRT,2014,<2.5,3420,
Portugal,PRT,2015,<2.5,3485,Europe
Portugal,PRT,2016,<2.5,3433,
Portugal,PRT,2017,<2.5,3492,
Puerto Rico,PRI,2015,,,North America
Qatar,QAT,2015,,,Asia
Republic of Vietnam,OWID_RVN,2015,,,Asia
Reunion,REU,2015,,,Africa
Romania,ROU,2001,<2.5,,
Romania,ROU,2002,<2.5,,
Romania,ROU,2003,<2.5,,
Romania,ROU,2004,<2.5,,
Romania,ROU,2005,<2.5,,
Romania,ROU,2006,<2.5,,
Romania,ROU,2007,<2.5,,
Romania,ROU,2008,<2.5,,
Romania,ROU,2009,<2.5,,
Romania,ROU,2010,<2.5,,
Romania,ROU,2011,<2.5,,
Romania,ROU,2012,<2.5,,
Romania,ROU,2013,<2.5,,
Romania,ROU,2014,<2.5,3412,
Romania,ROU,2015,<2.5,3469,Europe
Romania,ROU,2016,<2.5,3507,
Romania,ROU,2017,<2.5,3525,
Russia,RUS,2001,4.1,,
Russia,RUS,2002,3.3,,
Russia,RUS,2003,2.8,,
Russia,RUS,2004,<2.5,,
Russia,RUS,2005,<2.5,,
Russia,RUS,2006,<2.5,,
Russia,RUS,2007,<2.5,,
Russia,RUS,2008,<2.5,,
Russia,RUS,2009,<2.5,,
Russia,RUS,2010,<2.5,,
Russia,RUS,2011,<2.5,,
Russia,RUS,2012,<2.5,,
Russia,RUS,2013,<2.5,,
Russia,RUS,2014,<2.5,3381,
Russia,RUS,2015,<2.5,3359,Europe
Russia,RUS,2016,<2.5,3354,
Russia,RUS,2017,<2.5,3362,
Rwanda,RWA,2001,38.5,,
Rwanda,RWA,2002,35.1,,
Rwanda,RWA,2003,34.4,,
Rwanda,RWA,2004,35.6,,
Rwanda,RWA,2005,34.9,,
Rwanda,RWA,2006,33.1,,
Rwanda,RWA,2007,31.5,,
Rwanda,RWA,2008,28.6,,
Rwanda,RWA,2009,25.8,,
Rwanda,RWA,2010,23.9,,
Rwanda,RWA,2011,22.7,,
Rwanda,RWA,2012,22.2,,
Rwanda,RWA,2013,25.5,,
Rwanda,RWA,2014,30.2,2268,
Rwanda,RWA,2015,33.9,2242,Africa
Rwanda,RWA,2016,34.8,2252,
Rwanda,RWA,2017,34.9,2215,
Saint Barthlemy,BLM,2015,,,North America
Saint Helena,SHN,2015,,,Africa
Saint Kitts and Nevis,KNA,2014,,2466,
Saint Kitts and Nevis,KNA,2015,,2444,North America
Saint Kitts and Nevis,KNA,2016,,2461,
Saint Kitts and Nevis,KNA,2017,,2515,
Saint Lucia,LCA,2014,,2608,
Saint Lucia,LCA,2015,,2597,North America
Saint Lucia,LCA,2016,,2606,
Saint Lucia,LCA,2017,,2661,
Saint Martin (French part),MAF,2015,,,North America
Saint Pierre and Miquelon,SPM,2015,,,North America
Saint Vincent and the Grenadines,VCT,2001,13.5,,
Saint Vincent and the Grenadines,VCT,2002,12,,
Saint Vincent and the Grenadines,VCT,2003,9.6,,
Saint Vincent and the Grenadines,VCT,2004,8.8,,
Saint Vincent and the Grenadines,VCT,2005,8,,
Saint Vincent and the Grenadines,VCT,2006,7.3,,
Saint Vincent and the Grenadines,VCT,2007,6.9,,
Saint Vincent and the Grenadines,VCT,2008,6.5,,
Saint Vincent and the Grenadines,VCT,2009,6.1,,
Saint Vincent and the Grenadines,VCT,2010,5.8,,
Saint Vincent and the Grenadines,VCT,2011,5.5,,
Saint Vincent and the Grenadines,VCT,2012,5.3,,
Saint Vincent and the Grenadines,VCT,2013,5.7,,
Saint Vincent and the Grenadines,VCT,2014,5.7,2912,
Saint Vincent and the Grenadines,VCT,2015,6.1,2962,North America
Saint Vincent and the Grenadines,VCT,2016,5.9,2907,
Saint Vincent and the Grenadines,VCT,2017,6,2960,
Samoa,WSM,2001,3.5,,
Samoa,WSM,2002,3.3,,
Samoa,WSM,2003,3.1,,
Samoa,WSM,2004,2.9,,
Samoa,WSM,2005,2.9,,
Samoa,WSM,2006,3.1,,
Samoa,WSM,2007,3.1,,
Samoa,WSM,2008,3,,
Samoa,WSM,2009,2.8,,
Samoa,WSM,2010,3,,
Samoa,WSM,2011,2.7,,
Samoa,WSM,2012,2.6,,
Samoa,WSM,2013,<2.5,,
Samoa,WSM,2014,2.6,2909,
Samoa,WSM,2015,<2.5,2908,Oceania
Samoa,WSM,2016,<2.5,2974,
Samoa,WSM,2017,<2.5,2974,
San Marino,SMR,2015,,,Europe
Sao Tome and Principe,STP,2001,14.9,,
Sao Tome and Principe,STP,2002,13,,
Sao Tome and Principe,STP,2003,11.4,,
Sao Tome and Principe,STP,2004,10,,
Sao Tome and Principe,STP,2005,9.2,,
Sao Tome and Principe,STP,2006,9.2,,
Sao Tome and Principe,STP,2007,10,,
Sao Tome and Principe,STP,2008,11.3,,
Sao Tome and Principe,STP,2009,12.9,,
Sao Tome and Principe,STP,2010,14.3,,
Sao Tome and Principe,STP,2011,15.2,,
Sao Tome and Principe,STP,2012,14.2,,
Sao Tome and Principe,STP,2013,14.1,,
Sao Tome and Principe,STP,2014,14.4,2327,
Sao Tome and Principe,STP,2015,14.5,2324,Africa
Sao Tome and Principe,STP,2016,13.4,2413,
Sao Tome and Principe,STP,2017,12.1,2418,
Saudi Arabia,SAU,2001,5,,
Saudi Arabia,SAU,2002,5.1,,
Saudi Arabia,SAU,2003,5.2,,
Saudi Arabia,SAU,2004,5.1,,
Saudi Arabia,SAU,2005,4.8,,
Saudi Arabia,SAU,2006,4.6,,
Saudi Arabia,SAU,2007,4.9,,
Saudi Arabia,SAU,2008,5.5,,
Saudi Arabia,SAU,2009,5.7,,
Saudi Arabia,SAU,2010,6,,
Saudi Arabia,SAU,2011,5.4,,
Saudi Arabia,SAU,2012,5.5,,
Saudi Arabia,SAU,2013,4.9,,
Saudi Arabia,SAU,2014,4.9,3194,
Saudi Arabia,SAU,2015,4.7,3208,Asia
Saudi Arabia,SAU,2016,4.8,3205,
Saudi Arabia,SAU,2017,4.8,3194,
Saxony,OWID_SAX,2015,,,Europe
Senegal,SEN,2001,24.2,,
Senegal,SEN,2002,22.9,,
Senegal,SEN,2003,21.2,,
Senegal,SEN,2004,19.2,,
Senegal,SEN,2005,17.4,,
Senegal,SEN,2006,15.8,,
Senegal,SEN,2007,12.9,,
Senegal,SEN,2008,11.1,,
Senegal,SEN,2009,9.9,,
Senegal,SEN,2010,9.8,,
Senegal,SEN,2011,9.6,,
Senegal,SEN,2012,9.2,,
Senegal,SEN,2013,10.1,,
Senegal,SEN,2014,11.2,2465,
Senegal,SEN,2015,11.4,2490,Africa
Senegal,SEN,2016,10.3,2589,
Senegal,SEN,2017,9.6,2612,
Serbia,SRB,2001,<2.5,,
Serbia,SRB,2002,<2.5,,
Serbia,SRB,2003,<2.5,,
Serbia,SRB,2004,<2.5,,
Serbia,SRB,2005,<2.5,,
Serbia,SRB,2006,<2.5,,
Serbia,SRB,2007,<2.5,,
Serbia,SRB,2008,<2.5,,
Serbia,SRB,2009,<2.5,,
Serbia,SRB,2010,<2.5,,
Serbia,SRB,2011,2.6,,
Serbia,SRB,2012,2.7,,
Serbia,SRB,2013,3.2,,
Serbia,SRB,2014,3.6,2805,
Serbia,SRB,2015,4.1,2820,Europe
Serbia,SRB,2016,4.1,2803,
Serbia,SRB,2017,4.3,2805,
Serbia and Montenegro,OWID_SRM,2015,,,Europe
Serbia excluding Kosovo,OWID_SEK,2015,,,Europe
Seychelles,SYC,2015,,,Africa
Sierra Leone,SLE,2001,50.7,,
Sierra Leone,SLE,2002,49.9,,
Sierra Leone,SLE,2003,49.4,,
Sierra Leone,SLE,2004,48.9,,
Sierra Leone,SLE,2005,46.7,,
Sierra Leone,SLE,2006,43.8,,
Sierra Leone,SLE,2007,41.8,,
Sierra Leone,SLE,2008,40.3,,
Sierra Leone,SLE,2009,39.4,,
Sierra Leone,SLE,2010,37.5,,
Sierra Leone,SLE,2011,36.1,,
Sierra Leone,SLE,2012,34.6,,
Sierra Leone,SLE,2013,32.1,,
Sierra Leone,SLE,2014,29.8,2475,
Sierra Leone,SLE,2015,27.8,2447,Africa
Sierra Leone,SLE,2016,27.3,2450,
Sierra Leone,SLE,2017,26.8,2449,
Singapore,SGP,2015,,,Asia
Sint Maarten (Dutch part),SXM,2015,,,North America
Slovakia,SVK,2001,6.2,,
Slovakia,SVK,2002,6.2,,
Slovakia,SVK,2003,6.1,,
Slovakia,SVK,2004,5.9,,
Slovakia,SVK,2005,5.5,,
Slovakia,SVK,2006,5.7,,
Slovakia,SVK,2007,5.4,,
Slovakia,SVK,2008,5,,
Slovakia,SVK,2009,4,,
Slovakia,SVK,2010,3.6,,
Slovakia,SVK,2011,3.5,,
Slovakia,SVK,2012,3.5,,
Slovakia,SVK,2013,3.7,,
Slovakia,SVK,2014,5.2,2890,
Slovakia,SVK,2015,5.8,2688,Europe
Slovakia,SVK,2016,6.5,2829,
Slovakia,SVK,2017,5.8,2769,
Slovenia,SVN,2001,<2.5,,
Slovenia,SVN,2002,<2.5,,
Slovenia,SVN,2003,<2.5,,
Slovenia,SVN,2004,<2.5,,
Slovenia,SVN,2005,<2.5,,
Slovenia,SVN,2006,<2.5,,
Slovenia,SVN,2007,<2.5,,
Slovenia,SVN,2008,<2.5,,
Slovenia,SVN,2009,<2.5,,
Slovenia,SVN,2010,<2.5,,
Slovenia,SVN,2011,<2.5,,
Slovenia,SVN,2012,<2.5,,
Slovenia,SVN,2013,<2.5,,
Slovenia,SVN,2014,<2.5,3202,
Slovenia,SVN,2015,<2.5,3169,Europe
Slovenia,SVN,2016,<2.5,3164,
Slovenia,SVN,2017,<2.5,3195,
Small Island Developing States,,2001,19.6,,
Small Island Developing States,,2002,20.1,,
Small Island Developing States,,2003,20.2,,
Small Island Developing States,,2004,20.2,,
Small Island Developing States,,2005,19.3,,
Small Island Developing States,,2006,18.6,,
Small Island Developing States,,2007,18.4,,
Small Island Developing States,,2008,18.2,,
Small Island Developing States,,2009,17.6,,
Small Island Developing States,,2010,16.9,,
Small Island Developing States,,2011,16.6,,
Small Island Developing States,,2012,16.7,,
Small Island Developing States,,2013,16.5,,
Small Island Developing States,,2014,16.3,,
Small Island Developing States,,2015,16.1,,
Small Island Developing States,,2016,16.2,,
Small Island Developing States,,2017,16.2,,
Solomon Islands,SLB,2001,13.1,,
Solomon Islands,SLB,2002,12.5,,
Solomon Islands,SLB,2003,11.5,,
Solomon Islands,SLB,2004,11.2,,
Solomon Islands,SLB,2005,10.6,,
Solomon Islands,SLB,2006,10.4,,
Solomon Islands,SLB,2007,9.9,,
Solomon Islands,SLB,2008,10,,
Solomon Islands,SLB,2009,9.5,,
Solomon Islands,SLB,2010,9.6,,
Solomon Islands,SLB,2011,10.2,,
Solomon Islands,SLB,2012,11.7,,
Solomon Islands,SLB,2013,12.6,,
Solomon Islands,SLB,2014,12.8,2388,
Solomon Islands,SLB,2015,12.1,2380,Oceania
Solomon Islands,SLB,2016,11.9,2400,
Solomon Islands,SLB,2017,12.3,2411,
Somalia,SOM,2015,,,Africa
Somaliland,OWID_SML,2015,,,Africa
South Africa,ZAF,2001,4,,
South Africa,ZAF,2002,3.8,,
South Africa,ZAF,2003,3.7,,
South Africa,ZAF,2004,3.5,,
South Africa,ZAF,2005,3.5,,
South Africa,ZAF,2006,3.5,,
South Africa,ZAF,2007,3.6,,
South Africa,ZAF,2008,3.7,,
South Africa,ZAF,2009,3.5,,
South Africa,ZAF,2010,3.5,,
South Africa,ZAF,2011,3.5,,
South Africa,ZAF,2012,3.8,,
South Africa,ZAF,2013,4.2,,
South Africa,ZAF,2014,4.6,2980,
South Africa,ZAF,2015,5,2974,Africa
South Africa,ZAF,2016,5.3,2967,
South Africa,ZAF,2017,5.5,2994,
South America,,2001,10.9,,
South America,,2002,10.2,,
South America,,2003,9.4,,
South America,,2004,8.3,,
South America,,2005,7.6,,
South America,,2006,7,,
South America,,2007,6.2,,
South America,,2008,5.7,,
South America,,2009,5.3,,
South America,,2010,5.1,,
South America,,2011,4.7,,
South America,,2012,4.4,,
South America,,2013,4.1,,
South America,,2014,4.1,,
South America,,2015,4.3,,
South America,,2016,4.8,,
South America,,2017,5.3,,
South Georgia and the South Sandwich Islands,SGS,2015,,,South America
South Korea,KOR,2001,<2.5,,
South Korea,KOR,2002,2.6,,
South Korea,KOR,2003,2.7,,
South Korea,KOR,2004,2.7,,
South Korea,KOR,2005,2.5,,
South Korea,KOR,2006,<2.5,,
South Korea,KOR,2007,<2.5,,
South Korea,KOR,2008,<2.5,,
South Korea,KOR,2009,<2.5,,
South Korea,KOR,2010,<2.5,,
South Korea,KOR,2011,<2.5,,
South Korea,KOR,2012,<2.5,,
South Korea,KOR,2013,<2.5,,
South Korea,KOR,2014,<2.5,3332,
South Korea,KOR,2015,<2.5,3340,Asia
South Korea,KOR,2016,<2.5,3335,
South Korea,KOR,2017,<2.5,3369,
South Ossetia,OWID_SOS,2015,,,Asia
South Sudan,SSD,2015,,,Africa
South-eastern Asia,,2001,20,,
South-eastern Asia,,2002,19.3,,
South-eastern Asia,,2003,18.3,,
South-eastern Asia,,2004,17.7,,
South-eastern Asia,,2005,17.1,,
South-eastern Asia,,2006,16.4,,
South-eastern Asia,,2007,15.5,,
South-eastern Asia,,2008,14.5,,
South-eastern Asia,,2009,13.3,,
South-eastern Asia,,2010,12,,
South-eastern Asia,,2011,10.8,,
South-eastern Asia,,2012,10.1,,
South-eastern Asia,,2013,10.1,,
South-eastern Asia,,2014,10.4,,
South-eastern Asia,,2015,10.4,,
South-eastern Asia,,2016,10.1,,
South-eastern Asia,,2017,9.8,,
Southern Africa,,2001,5.7,,
Southern Africa,,2002,5.4,,
Southern Africa,,2003,5.3,,
Southern Africa,,2004,5,,
Southern Africa,,2005,5,,
Southern Africa,,2006,5.2,,
Southern Africa,,2007,5.4,,
Southern Africa,,2008,5.6,,
Southern Africa,,2009,5.6,,
Southern Africa,,2010,5.6,,
Southern Africa,,2011,5.5,,
Southern Africa,,2012,5.6,,
Southern Africa,,2013,5.8,,
Southern Africa,,2014,6.3,,
Southern Africa,,2015,7.1,,
Southern Africa,,2016,7.3,,
Southern Africa,,2017,7.6,,
Southern Asia,,2001,18.5,,
Southern Asia,,2002,19.6,,
Southern Asia,,2003,20.5,,
Southern Asia,,2004,20.6,,
Southern Asia,,2005,20,,
Southern Asia,,2006,18.4,,
Southern Asia,,2007,16.7,,
Southern Asia,,2008,15.9,,
Southern Asia,,2009,15.7,,
Southern Asia,,2010,15.6,,
Southern Asia,,2011,15.7,,
Southern Asia,,2012,15.7,,
Southern Asia,,2013,15.3,,
Southern Asia,,2014,14.7,,
Southern Asia,,2015,14.1,,
Southern Asia,,2016,13.8,,
Southern Asia,,2017,13.6,,
Southern Europe,,2001,<2.5,,
Southern Europe,,2002,<2.5,,
Southern Europe,,2003,<2.5,,
Southern Europe,,2004,<2.5,,
Southern Europe,,2005,<2.5,,
Southern Europe,,2006,<2.5,,
Southern Europe,,2007,<2.5,,
Southern Europe,,2008,<2.5,,
Southern Europe,,2009,<2.5,,
Southern Europe,,2010,<2.5,,
Southern Europe,,2011,<2.5,,
Southern Europe,,2012,<2.5,,
Southern Europe,,2013,<2.5,,
Southern Europe,,2014,<2.5,,
Southern Europe,,2015,<2.5,,
Southern Europe,,2016,<2.5,,
Southern Europe,,2017,<2.5,,
Spain,ESP,2001,<2.5,,
Spain,ESP,2002,<2.5,,
Spain,ESP,2003,<2.5,,
Spain,ESP,2004,<2.5,,
Spain,ESP,2005,<2.5,,
Spain,ESP,2006,<2.5,,
Spain,ESP,2007,<2.5,,
Spain,ESP,2008,<2.5,,
Spain,ESP,2009,<2.5,,
Spain,ESP,2010,<2.5,,
Spain,ESP,2011,<2.5,,
Spain,ESP,2012,<2.5,,
Spain,ESP,2013,<2.5,,
Spain,ESP,2014,<2.5,3158,
Spain,ESP,2015,<2.5,3210,Europe
Spain,ESP,2016,<2.5,3276,
Spain,ESP,2017,<2.5,3270,
Sri Lanka,LKA,2001,17,,
Sri Lanka,LKA,2002,16.5,,
Sri Lanka,LKA,2003,16.3,,
Sri Lanka,LKA,2004,15.7,,
Sri Lanka,LKA,2005,14.8,,
Sri Lanka,LKA,2006,14.2,,
Sri Lanka,LKA,2007,12.9,,
Sri Lanka,LKA,2008,12,,
Sri Lanka,LKA,2009,11,,
Sri Lanka,LKA,2010,10.4,,
Sri Lanka,LKA,2011,9.7,,
Sri Lanka,LKA,2012,8.9,,
Sri Lanka,LKA,2013,8.8,,
Sri Lanka,LKA,2014,8.8,2582,
Sri Lanka,LKA,2015,8.7,2589,Asia
Sri Lanka,LKA,2016,8.3,2585,
Sri Lanka,LKA,2017,7.8,2613,
Sub-Saharan Africa,,2001,27.6,,
Sub-Saharan Africa,,2002,27,,
Sub-Saharan Africa,,2003,26.7,,
Sub-Saharan Africa,,2004,25.6,,
Sub-Saharan Africa,,2005,24.5,,
Sub-Saharan Africa,,2006,23.4,,
Sub-Saharan Africa,,2007,22.9,,
Sub-Saharan Africa,,2008,22.4,,
Sub-Saharan Africa,,2009,21.8,,
Sub-Saharan Africa,,2010,21.2,,
Sub-Saharan Africa,,2011,20.8,,
Sub-Saharan Africa,,2012,20.5,,
Sub-Saharan Africa,,2013,20.4,,
Sub-Saharan Africa,,2014,20.6,,
Sub-Saharan Africa,,2015,20.9,,
Sub-Saharan Africa,,2016,21.3,,
Sub-Saharan Africa,,2017,21.4,,
Sudan,SDN,2001,21.7,,
Sudan,SDN,2002,21,,
Sudan,SDN,2003,21.3,,
Sudan,SDN,2004,21.6,,
Sudan,SDN,2005,21.3,,
Sudan,SDN,2006,20.6,,
Sudan,SDN,2007,20.2,,
Sudan,SDN,2008,20.2,,
Sudan,SDN,2009,20.7,,
Sudan,SDN,2010,21.8,,
Sudan,SDN,2011,21.3,,
Sudan,SDN,2012,19.9,,
Sudan,SDN,2013,15.8,,
Sudan,SDN,2014,13.3,2438,
Sudan,SDN,2015,11.4,2438,Africa
Sudan,SDN,2016,11.9,2441,
Sudan,SDN,2017,12.2,2433,
Suriname,SUR,2001,12,,
Suriname,SUR,2002,11.7,,
Suriname,SUR,2003,11,,
Suriname,SUR,2004,10.5,,
Suriname,SUR,2005,9.9,,
Suriname,SUR,2006,9,,
Suriname,SUR,2007,9,,
Suriname,SUR,2008,8.4,,
Suriname,SUR,2009,7.7,,
Suriname,SUR,2010,7.4,,
Suriname,SUR,2011,7.7,,
Suriname,SUR,2012,8.3,,
Suriname,SUR,2013,7.8,,
Suriname,SUR,2014,7.7,2764,
Suriname,SUR,2015,7.9,2715,South America
Suriname,SUR,2016,8.5,2702,
Suriname,SUR,2017,8.4,2693,
Svalbard and Jan Mayen,SJM,2015,,,Europe
Sweden,SWE,2001,<2.5,,
Sweden,SWE,2002,<2.5,,
Sweden,SWE,2003,<2.5,,
Sweden,SWE,2004,<2.5,,
Sweden,SWE,2005,<2.5,,
Sweden,SWE,2006,<2.5,,
Sweden,SWE,2007,<2.5,,
Sweden,SWE,2008,<2.5,,
Sweden,SWE,2009,<2.5,,
Sweden,SWE,2010,<2.5,,
Sweden,SWE,2011,<2.5,,
Sweden,SWE,2012,<2.5,,
Sweden,SWE,2013,<2.5,,
Sweden,SWE,2014,<2.5,3191,
Sweden,SWE,2015,<2.5,3152,Europe
Sweden,SWE,2016,<2.5,3167,
Sweden,SWE,2017,<2.5,3219,
Switzerland,CHE,2001,<2.5,,
Switzerland,CHE,2002,<2.5,,
Switzerland,CHE,2003,<2.5,,
Switzerland,CHE,2004,<2.5,,
Switzerland,CHE,2005,<2.5,,
Switzerland,CHE,2006,<2.5,,
Switzerland,CHE,2007,<2.5,,
Switzerland,CHE,2008,<2.5,,
Switzerland,CHE,2009,<2.5,,
Switzerland,CHE,2010,<2.5,,
Switzerland,CHE,2011,<2.5,,
Switzerland,CHE,2012,<2.5,,
Switzerland,CHE,2013,<2.5,,
Switzerland,CHE,2014,<2.5,3524,
Switzerland,CHE,2015,<2.5,3460,Europe
Switzerland,CHE,2016,<2.5,3341,
Switzerland,CHE,2017,<2.5,3413,
Syria,SYR,2015,,,Asia
Taiwan,TWN,2001,3.7,,
Taiwan,TWN,2002,4.1,,
Taiwan,TWN,2003,4.2,,
Taiwan,TWN,2004,4.2,,
Taiwan,TWN,2005,4.4,,
Taiwan,TWN,2006,4.5,,
Taiwan,TWN,2007,4.8,,
Taiwan,TWN,2008,4.8,,
Taiwan,TWN,2009,4.8,,
Taiwan,TWN,2010,4.6,,
Taiwan,TWN,2011,4.5,,
Taiwan,TWN,2012,4.3,,
Taiwan,TWN,2013,4.1,,
Taiwan,TWN,2014,3.8,2969,
Taiwan,TWN,2015,3.8,2975,Asia
Taiwan,TWN,2016,3.7,2954,
Taiwan,TWN,2017,3.7,2976,
Tajikistan,TJK,2014,,2093,
Tajikistan,TJK,2015,,2095,Asia
Tajikistan,TJK,2016,,2106,
Tajikistan,TJK,2017,,2104,
Tanzania,TZA,2001,33.1,,
Tanzania,TZA,2002,34.2,,
Tanzania,TZA,2003,33.7,,
Tanzania,TZA,2004,33.8,,
Tanzania,TZA,2005,31.7,,
Tanzania,TZA,2006,30.3,,
Tanzania,TZA,2007,30.6,,
Tanzania,TZA,2008,30.8,,
Tanzania,TZA,2009,32.6,,
Tanzania,TZA,2010,31.6,,
Tanzania,TZA,2011,30.7,,
Tanzania,TZA,2012,29.1,,
Tanzania,TZA,2013,27.9,,
Tanzania,TZA,2014,26.5,2295,
Tanzania,TZA,2015,24.8,2318,Africa
Tanzania,TZA,2016,24.4,2379,
Tanzania,TZA,2017,24.5,2396,
Thailand,THA,2001,17.4,,
Thailand,THA,2002,16.4,,
Thailand,THA,2003,15.1,,
Thailand,THA,2004,13.7,,
Thailand,THA,2005,12,,
Thailand,THA,2006,10.7,,
Thailand,THA,2007,10.2,,
Thailand,THA,2008,10.7,,
Thailand,THA,2009,10.7,,
Thailand,THA,2010,10.5,,
Thailand,THA,2011,9.9,,
Thailand,THA,2012,9.4,,
Thailand,THA,2013,9.1,,
Thailand,THA,2014,8.8,2779,
Thailand,THA,2015,8.6,2804,Asia
Thailand,THA,2016,8.6,2829,
Thailand,THA,2017,8.9,2827,
Timor,TLS,2001,41.6,,
Timor,TLS,2002,36.6,,
Timor,TLS,2003,33.2,,
Timor,TLS,2004,32.6,,
Timor,TLS,2005,32.3,,
Timor,TLS,2006,32,,
Timor,TLS,2007,31.8,,
Timor,TLS,2008,32.5,,
Timor,TLS,2009,32.6,,
Timor,TLS,2010,32.6,,
Timor,TLS,2011,31.2,,
Timor,TLS,2012,31.1,,
Timor,TLS,2013,31,,
Timor,TLS,2014,30.8,2111,
Timor,TLS,2015,30.3,2159,Asia
Timor,TLS,2016,30.2,2148,
Timor,TLS,2017,30.7,2140,
Togo,TGO,2001,31.4,,
Togo,TGO,2002,31.2,,
Togo,TGO,2003,29.9,,
Togo,TGO,2004,28.9,,
Togo,TGO,2005,27.8,,
Togo,TGO,2006,27.3,,
Togo,TGO,2007,26.4,,
Togo,TGO,2008,25.7,,
Togo,TGO,2009,24.8,,
Togo,TGO,2010,24,,
Togo,TGO,2011,23.2,,
Togo,TGO,2012,22.3,,
Togo,TGO,2013,21.4,,
Togo,TGO,2014,21.1,2431,
Togo,TGO,2015,21.3,2464,Africa
Togo,TGO,2016,21.3,2379,
Togo,TGO,2017,21.1,2429,
Tokelau,TKL,2015,,,Oceania
Tonga,TON,2015,,,Oceania
Transnistria,OWID_TRS,2015,,,Europe
Trinidad and Tobago,TTO,2001,10.1,,
Trinidad and Tobago,TTO,2002,10.5,,
Trinidad and Tobago,TTO,2003,11.1,,
Trinidad and Tobago,TTO,2004,11.5,,
Trinidad and Tobago,TTO,2005,11.2,,
Trinidad and Tobago,TTO,2006,10.6,,
Trinidad and Tobago,TTO,2007,10,,
Trinidad and Tobago,TTO,2008,9.6,,
Trinidad and Tobago,TTO,2009,9.7,,
Trinidad and Tobago,TTO,2010,9.2,,
Trinidad and Tobago,TTO,2011,8.4,,
Trinidad and Tobago,TTO,2012,7.2,,
Trinidad and Tobago,TTO,2013,6.3,,
Trinidad and Tobago,TTO,2014,6,3048,
Trinidad and Tobago,TTO,2015,5.9,3042,North America
Trinidad and Tobago,TTO,2016,5.9,3038,
Trinidad and Tobago,TTO,2017,5.7,3043,
Tunisia,TUN,2001,4.4,,
Tunisia,TUN,2002,4.5,,
Tunisia,TUN,2003,4.5,,
Tunisia,TUN,2004,4.4,,
Tunisia,TUN,2005,4.3,,
Tunisia,TUN,2006,4.3,,
Tunisia,TUN,2007,4.1,,
Tunisia,TUN,2008,3.9,,
Tunisia,TUN,2009,3.7,,
Tunisia,TUN,2010,3.5,,
Tunisia,TUN,2011,3.3,,
Tunisia,TUN,2012,3.2,,
Tunisia,TUN,2013,2.9,,
Tunisia,TUN,2014,2.7,3441,
Tunisia,TUN,2015,<2.5,3500,Africa
Tunisia,TUN,2016,<2.5,3489,
Tunisia,TUN,2017,<2.5,3467,
Turkey,TUR,2001,<2.5,,
Turkey,TUR,2002,<2.5,,
Turkey,TUR,2003,<2.5,,
Turkey,TUR,2004,<2.5,,
Turkey,TUR,2005,<2.5,,
Turkey,TUR,2006,<2.5,,
Turkey,TUR,2007,<2.5,,
Turkey,TUR,2008,<2.5,,
Turkey,TUR,2009,<2.5,,
Turkey,TUR,2010,<2.5,,
Turkey,TUR,2011,<2.5,,
Turkey,TUR,2012,<2.5,,
Turkey,TUR,2013,<2.5,,
Turkey,TUR,2014,<2.5,3521,
Turkey,TUR,2015,<2.5,3553,Asia
Turkey,TUR,2016,<2.5,3558,
Turkey,TUR,2017,<2.5,3540,
Turkmenistan,TKM,2001,6.9,,
Turkmenistan,TKM,2002,6.3,,
Turkmenistan,TKM,2003,5.3,,
Turkmenistan,TKM,2004,4.6,,
Turkmenistan,TKM,2005,4.3,,
Turkmenistan,TKM,2006,4,,
Turkmenistan,TKM,2007,4,,
Turkmenistan,TKM,2008,4,,
Turkmenistan,TKM,2009,4.4,,
Turkmenistan,TKM,2010,4.6,,
Turkmenistan,TKM,2011,4.9,,
Turkmenistan,TKM,2012,5.1,,
Turkmenistan,TKM,2013,4.7,,
Turkmenistan,TKM,2014,4.2,2893,
Turkmenistan,TKM,2015,3.6,2869,Asia
Turkmenistan,TKM,2016,3.7,2871,
Turkmenistan,TKM,2017,3.8,2871,
Turks and Caicos Islands,TCA,2015,,,North America
Tuscany,OWID_TUS,2015,,,Europe
Tuvalu,TUV,2015,,,Oceania
Two Sicilies,OWID_SIC,2015,,,Europe
USSR,OWID_USS,2015,,,Europe
Uganda,UGA,2014,,2259,
Uganda,UGA,2015,,2179,Africa
Uganda,UGA,2016,,2132,
Uganda,UGA,2017,,2144,
Ukraine,UKR,2001,3,,
Ukraine,UKR,2002,<2.5,,
Ukraine,UKR,2003,<2.5,,
Ukraine,UKR,2004,<2.5,,
Ukraine,UKR,2005,<2.5,,
Ukraine,UKR,2006,<2.5,,
Ukraine,UKR,2007,<2.5,,
Ukraine,UKR,2008,<2.5,,
Ukraine,UKR,2009,<2.5,,
Ukraine,UKR,2010,<2.5,,
Ukraine,UKR,2011,<2.5,,
Ukraine,UKR,2012,<2.5,,
Ukraine,UKR,2013,<2.5,,
Ukraine,UKR,2014,<2.5,2948,
Ukraine,UKR,2015,2.8,3037,Europe
Ukraine,UKR,2016,<2.5,2999,
Ukraine,UKR,2017,3.3,3035,
United Arab Emirates,ARE,2001,3.4,,
United Arab Emirates,ARE,2002,4.4,,
United Arab Emirates,ARE,2003,5.9,,
United Arab Emirates,ARE,2004,7.7,,
United Arab Emirates,ARE,2005,8.9,,
United Arab Emirates,ARE,2006,9.3,,
United Arab Emirates,ARE,2007,9,,
United Arab Emirates,ARE,2008,8.2,,
United Arab Emirates,ARE,2009,7.5,,
United Arab Emirates,ARE,2010,6.4,,
United Arab Emirates,ARE,2011,5.5,,
United Arab Emirates,ARE,2012,4.5,,
United Arab Emirates,ARE,2013,3.6,,
United Arab Emirates,ARE,2014,3,3393,
United Arab Emirates,ARE,2015,2.8,3410,Asia
United Arab Emirates,ARE,2016,2.8,3368,
United Arab Emirates,ARE,2017,3,3366,
United Kingdom,GBR,2001,<2.5,,
United Kingdom,GBR,2002,<2.5,,
United Kingdom,GBR,2003,<2.5,,
United Kingdom,GBR,2004,<2.5,,
United Kingdom,GBR,2005,<2.5,,
United Kingdom,GBR,2006,<2.5,,
United Kingdom,GBR,2007,<2.5,,
United Kingdom,GBR,2008,<2.5,,
United Kingdom,GBR,2009,<2.5,,
United Kingdom,GBR,2010,<2.5,,
United Kingdom,GBR,2011,<2.5,,
United Kingdom,GBR,2012,<2.5,,
United Kingdom,GBR,2013,<2.5,,
United Kingdom,GBR,2014,<2.5,3414,
United Kingdom,GBR,2015,<2.5,3410,Europe
United Kingdom,GBR,2016,<2.5,3409,
United Kingdom,GBR,2017,<2.5,3428,
United Korea,OWID_KRU,2015,,,Asia
United States,USA,2001,<2.5,,
United States,USA,2002,<2.5,,
United States,USA,2003,<2.5,,
United States,USA,2004,<2.5,,
United States,USA,2005,<2.5,,
United States,USA,2006,<2.5,,
United States,USA,2007,<2.5,,
United States,USA,2008,<2.5,,
United States,USA,2009,<2.5,,
United States,USA,2010,<2.5,,
United States,USA,2011,<2.5,,
United States,USA,2012,<2.5,,
United States,USA,2013,<2.5,,
United States,USA,2014,<2.5,3709,
United States,USA,2015,<2.5,3731,North America
United States,USA,2016,<2.5,3747,
United States,USA,2017,<2.5,3766,
United States Minor Outlying Islands,UMI,2015,,,Oceania
United States Virgin Islands,VIR,2015,,,North America
Uruguay,URY,2001,3.7,,
Uruguay,URY,2002,3.6,,
Uruguay,URY,2003,3.7,,
Uruguay,URY,2004,3.9,,
Uruguay,URY,2005,3.9,,
Uruguay,URY,2006,3.7,,
Uruguay,URY,2007,3.1,,
Uruguay,URY,2008,2.6,,
Uruguay,URY,2009,<2.5,,
Uruguay,URY,2010,<2.5,,
Uruguay,URY,2011,<2.5,,
Uruguay,URY,2012,<2.5,,
Uruguay,URY,2013,<2.5,,
Uruguay,URY,2014,<2.5,3139,
Uruguay,URY,2015,<2.5,3109,South America
Uruguay,URY,2016,<2.5,3132,
Uruguay,URY,2017,<2.5,3153,
Uzbekistan,UZB,2001,18,,
Uzbekistan,UZB,2002,19.4,,
Uzbekistan,UZB,2003,18.8,,
Uzbekistan,UZB,2004,16.9,,
Uzbekistan,UZB,2005,14.9,,
Uzbekistan,UZB,2006,12.7,,
Uzbekistan,UZB,2007,11.6,,
Uzbekistan,UZB,2008,11.3,,
Uzbekistan,UZB,2009,11,,
Uzbekistan,UZB,2010,10.3,,
Uzbekistan,UZB,2011,9.4,,
Uzbekistan,UZB,2012,8.7,,
Uzbekistan,UZB,2013,6.6,,
Uzbekistan,UZB,2014,4.7,2962,
Uzbekistan,UZB,2015,2.9,3007,Asia
Uzbekistan,UZB,2016,2.9,2994,
Uzbekistan,UZB,2017,2.8,3022,
Vanuatu,VUT,2001,7.5,,
Vanuatu,VUT,2002,7.3,,
Vanuatu,VUT,2003,6.9,,
Vanuatu,VUT,2004,6.6,,
Vanuatu,VUT,2005,6.4,,
Vanuatu,VUT,2006,5.8,,
Vanuatu,VUT,2007,5.4,,
Vanuatu,VUT,2008,5.1,,
Vanuatu,VUT,2009,5.2,,
Vanuatu,VUT,2010,5.3,,
Vanuatu,VUT,2011,5.7,,
Vanuatu,VUT,2012,6,,
Vanuatu,VUT,2013,6.5,,
Vanuatu,VUT,2014,7.1,2736,
Vanuatu,VUT,2015,8.4,2683,Oceania
Vanuatu,VUT,2016,9.2,2611,
Vanuatu,VUT,2017,9.7,2623,
Vatican,VAT,2015,,,Europe
Venezuela,VEN,2001,15.1,,
Venezuela,VEN,2002,15.2,,
Venezuela,VEN,2003,14.8,,
Venezuela,VEN,2004,10.1,,
Venezuela,VEN,2005,8.5,,
Venezuela,VEN,2006,7.2,,
Venezuela,VEN,2007,4.9,,
Venezuela,VEN,2008,2.9,,
Venezuela,VEN,2009,<2.5,,
Venezuela,VEN,2010,<2.5,,
Venezuela,VEN,2011,2.5,,
Venezuela,VEN,2012,3.3,,
Venezuela,VEN,2013,4.7,,
Venezuela,VEN,2014,8.6,2592,
Venezuela,VEN,2015,14,2403,South America
Venezuela,VEN,2016,20.8,2253,
Venezuela,VEN,2017,27.3,2247,
Vietnam,VNM,2001,19.8,,
Vietnam,VNM,2002,18.1,,
Vietnam,VNM,2003,16.4,,
Vietnam,VNM,2004,15.7,,
Vietnam,VNM,2005,15.6,,
Vietnam,VNM,2006,15.4,,
Vietnam,VNM,2007,14.2,,
Vietnam,VNM,2008,12.9,,
Vietnam,VNM,2009,11.9,,
Vietnam,VNM,2010,11.1,,
Vietnam,VNM,2011,10.5,,
Vietnam,VNM,2012,10.1,,
Vietnam,VNM,2013,9.8,,
Vietnam,VNM,2014,9,2843,
Vietnam,VNM,2015,8.2,2900,Asia
Vietnam,VNM,2016,7.6,2924,
Vietnam,VNM,2017,6.9,2938,
Wallis and Futuna,WLF,2015,,,Oceania
West Germany,OWID_GFR,2015,,,Europe
Western Africa,,2001,15.8,,
Western Africa,,2002,15.6,,
Western Africa,,2003,15.2,,
Western Africa,,2004,14.6,,
Western Africa,,2005,13.8,,
Western Africa,,2006,13.2,,
Western Africa,,2007,12.7,,
Western Africa,,2008,12.5,,
Western Africa,,2009,12.3,,
Western Africa,,2010,12.1,,
Western Africa,,2011,12.1,,
Western Africa,,2012,12,,
Western Africa,,2013,12.5,,
Western Africa,,2014,13.2,,
Western Africa,,2015,13.9,,
Western Africa,,2016,14.4,,
Western Africa,,2017,14.4,,
Western Asia,,2001,12.9,,
Western Asia,,2002,12.6,,
Western Asia,,2003,12.1,,
Western Asia,,2004,11.9,,
Western Asia,,2005,11.7,,
Western Asia,,2006,11.7,,
Western Asia,,2007,11.7,,
Western Asia,,2008,11.4,,
Western Asia,,2009,11,,
Western Asia,,2010,10.7,,
Western Asia,,2011,10.6,,
Western Asia,,2012,10.7,,
Western Asia,,2013,10.6,,
Western Asia,,2014,10.6,,
Western Asia,,2015,10.7,,
Western Asia,,2016,11,,
Western Asia,,2017,11.1,,
Western Asia and Northern Africa,,2001,11.3,,
Western Asia and Northern Africa,,2002,11.1,,
Western Asia and Northern Africa,,2003,10.9,,
Western Asia and Northern Africa,,2004,10.9,,
Western Asia and Northern Africa,,2005,10.7,,
Western Asia and Northern Africa,,2006,10.6,,
Western Asia and Northern Africa,,2007,10.4,,
Western Asia and Northern Africa,,2008,10.2,,
Western Asia and Northern Africa,,2009,10,,
Western Asia and Northern Africa,,2010,9.8,,
Western Asia and Northern Africa,,2011,9.6,,
Western Asia and Northern Africa,,2012,9.5,,
Western Asia and Northern Africa,,2013,9,,
Western Asia and Northern Africa,,2014,8.8,,
Western Asia and Northern Africa,,2015,8.6,,
Western Asia and Northern Africa,,2016,8.8,,
Western Asia and Northern Africa,,2017,8.9,,
Western Europe,,2001,<2.5,,
Western Europe,,2002,<2.5,,
Western Europe,,2003,<2.5,,
Western Europe,,2004,<2.5,,
Western Europe,,2005,<2.5,,
Western Europe,,2006,<2.5,,
Western Europe,,2007,<2.5,,
Western Europe,,2008,<2.5,,
Western Europe,,2009,<2.5,,
Western Europe,,2010,<2.5,,
Western Europe,,2011,<2.5,,
Western Europe,,2012,<2.5,,
Western Europe,,2013,<2.5,,
Western Europe,,2014,<2.5,,
Western Europe,,2015,<2.5,,
Western Europe,,2016,<2.5,,
Western Europe,,2017,<2.5,,
Western Sahara,ESH,2015,,,Africa
World,OWID_WRL,2001,13.4,,
World,OWID_WRL,2002,13.4,,
World,OWID_WRL,2003,13.4,,
World,OWID_WRL,2004,13,,
World,OWID_WRL,2005,12.5,,
World,OWID_WRL,2006,11.7,,
World,OWID_WRL,2007,11,,
World,OWID_WRL,2008,10.5,,
World,OWID_WRL,2009,10,,
World,OWID_WRL,2010,9.6,,
World,OWID_WRL,2011,9.3,,
World,OWID_WRL,2012,9.1,,
World,OWID_WRL,2013,8.9,,
World,OWID_WRL,2014,8.8,,
World,OWID_WRL,2015,8.8,,
World,OWID_WRL,2016,8.8,,
World,OWID_WRL,2017,8.8,,
Wuerttemburg,OWID_WRT,2015,,,Europe
Yemen,YEM,2014,,2137,
Yemen,YEM,2015,,2142,Asia
Yemen,YEM,2016,,1987,
Yemen,YEM,2017,,2063,
Yemen Arab Republic,OWID_YAR,2015,,,Asia
Yemen People's Republic,OWID_YPR,2015,,,Asia
Yugoslavia,OWID_YGS,2015,,,Europe
Zambia,ZMB,2014,,2037,
Zambia,ZMB,2015,,2057,Africa
Zambia,ZMB,2016,,2010,
Zambia,ZMB,2017,,2013,
Zanzibar,OWID_ZAN,2015,,,Africa
Zimbabwe,ZWE,2014,,2199,
Zimbabwe,ZWE,2015,,2172,Africa
Zimbabwe,ZWE,2016,,2176,
Zimbabwe,ZWE,2017,,2173,
land Islands,ALA,2015,,,Europe